/*
Post-Deployment Script Template							
--------------------------------------------------------------------------------------
 This file contains SQL statements that will be appended to the build script.		
 Use SQLCMD syntax to include a file in the post-deployment script.			
 Example:      :r .\myfile.sql								
 Use SQLCMD syntax to reference a variable in the post-deployment script.		
 Example:      :setvar TableName MyTable							
               SELECT * FROM [$(TableName)]					
--------------------------------------------------------------------------------------
*/

SET IDENTITY_INSERT [dbo].[ClassYearType] ON 

INSERT [dbo].[ClassYearType] ([ClassYearTypeID], [ClassTypeDescription]) VALUES (1, N'Unavailable')
INSERT [dbo].[ClassYearType] ([ClassYearTypeID], [ClassTypeDescription]) VALUES (2, N'Required')
INSERT [dbo].[ClassYearType] ([ClassYearTypeID], [ClassTypeDescription]) VALUES (3, N'Elective')
INSERT [dbo].[ClassYearType] ([ClassYearTypeID], [ClassTypeDescription]) VALUES (4, N'Pending Interest')
INSERT [dbo].[ClassYearType] ([ClassYearTypeID], [ClassTypeDescription]) VALUES (5, N'NEWT')
SET IDENTITY_INSERT [dbo].[ClassYearType] OFF

GO

SET IDENTITY_INSERT [dbo].[Houses] ON 

INSERT [dbo].[Houses] ([HouseID], [HouseName]) VALUES (1, N'Gryffindor')
INSERT [dbo].[Houses] ([HouseID], [HouseName]) VALUES (2, N'Hufflepuff')
INSERT [dbo].[Houses] ([HouseID], [HouseName]) VALUES (3, N'Ravenclaw')
INSERT [dbo].[Houses] ([HouseID], [HouseName]) VALUES (4, N'Slytherin')
SET IDENTITY_INSERT [dbo].[Houses] OFF

GO

SET IDENTITY_INSERT [dbo].[Professors] ON 

INSERT [dbo].[Professors] ([ProfessorID], [LastName], [FirstName], [Active]) VALUES (1, N'Sinistra', N'Aurora', 1)
INSERT [dbo].[Professors] ([ProfessorID], [LastName], [FirstName], [Active]) VALUES (2, N'Flitwick', N'Filius', 1)
INSERT [dbo].[Professors] ([ProfessorID], [LastName], [FirstName], [Active]) VALUES (3, N'Hooch', N'Rolanda', 1)
INSERT [dbo].[Professors] ([ProfessorID], [LastName], [FirstName], [Active]) VALUES (4, N'Sprout', N'Pomona', 1)
INSERT [dbo].[Professors] ([ProfessorID], [LastName], [FirstName], [Active]) VALUES (5, N'Brinns', N'Cuthbert', 1)
INSERT [dbo].[Professors] ([ProfessorID], [LastName], [FirstName], [Active]) VALUES (6, N'Snape', N'Severus', 1)
INSERT [dbo].[Professors] ([ProfessorID], [LastName], [FirstName], [Active]) VALUES (7, N'Slughorn', N'Horace', 0)
INSERT [dbo].[Professors] ([ProfessorID], [LastName], [FirstName], [Active]) VALUES (8, N'McGonagall', N'Minerva', 1)
INSERT [dbo].[Professors] ([ProfessorID], [LastName], [FirstName], [Active]) VALUES (9, N'Vector', N'Septima', 1)
INSERT [dbo].[Professors] ([ProfessorID], [LastName], [FirstName], [Active]) VALUES (10, N'Kettleburn', N'Silvanus', 0)
INSERT [dbo].[Professors] ([ProfessorID], [LastName], [FirstName], [Active]) VALUES (11, N'Hagrid', N'Rubeus', 1)
INSERT [dbo].[Professors] ([ProfessorID], [LastName], [FirstName], [Active]) VALUES (12, N'Grubby-Plank', N'Wilhelmina', 0)
INSERT [dbo].[Professors] ([ProfessorID], [LastName], [FirstName], [Active]) VALUES (13, N'Longbottom', N'Neville', 0)
INSERT [dbo].[Professors] ([ProfessorID], [LastName], [FirstName], [Active]) VALUES (14, N'Burbage', N'Charity', 1)
INSERT [dbo].[Professors] ([ProfessorID], [LastName], [FirstName], [Active]) VALUES (15, N'Carrow', N'Alecto', 0)
INSERT [dbo].[Professors] ([ProfessorID], [LastName], [FirstName], [Active]) VALUES (16, N'Babbling', N'Bathesda', 1)
INSERT [dbo].[Professors] ([ProfessorID], [LastName], [FirstName], [Active]) VALUES (17, N'Twycross', N'Wilki', 1)
INSERT [dbo].[Professors] ([ProfessorID], [LastName], [FirstName], [Active]) VALUES (18, N'Trelawney', N'Sybill', 1)
INSERT [dbo].[Professors] ([ProfessorID], [LastName], [FirstName], [Active]) VALUES (19, N'Quirrell', N'Quirinus', 1)
SET IDENTITY_INSERT [dbo].[Professors] OFF

GO


SET IDENTITY_INSERT [dbo].[Classes] ON 

INSERT [dbo].[Classes] ([ClassId], [Name], [Year1Type], [Year2Type], [Year3Type], [Year4Type], [Year5Type], [Year6Type], [Year7Type], [Location], [MaxCapacity], [NumberOfHouses]) VALUES (1, N'Astronomy', 2, 2, 2, 2, 2, 5, 5, NULL, NULL, NULL)
INSERT [dbo].[Classes] ([ClassId], [Name], [Year1Type], [Year2Type], [Year3Type], [Year4Type], [Year5Type], [Year6Type], [Year7Type], [Location], [MaxCapacity], [NumberOfHouses]) VALUES (2, N'Charms', 2, 2, 2, 2, 2, 5, 5, NULL, NULL, NULL)
INSERT [dbo].[Classes] ([ClassId], [Name], [Year1Type], [Year2Type], [Year3Type], [Year4Type], [Year5Type], [Year6Type], [Year7Type], [Location], [MaxCapacity], [NumberOfHouses]) VALUES (3, N'Defense Against the Dark Arts', 2, 2, 2, 2, 2, 5, 5, NULL, NULL, NULL)
INSERT [dbo].[Classes] ([ClassId], [Name], [Year1Type], [Year2Type], [Year3Type], [Year4Type], [Year5Type], [Year6Type], [Year7Type], [Location], [MaxCapacity], [NumberOfHouses]) VALUES (4, N'Flying', 2, 3, 3, 3, 3, 1, 1, NULL, NULL, NULL)
INSERT [dbo].[Classes] ([ClassId], [Name], [Year1Type], [Year2Type], [Year3Type], [Year4Type], [Year5Type], [Year6Type], [Year7Type], [Location], [MaxCapacity], [NumberOfHouses]) VALUES (5, N'Herbology', 2, 2, 2, 2, 2, 5, 5, NULL, NULL, NULL)
INSERT [dbo].[Classes] ([ClassId], [Name], [Year1Type], [Year2Type], [Year3Type], [Year4Type], [Year5Type], [Year6Type], [Year7Type], [Location], [MaxCapacity], [NumberOfHouses]) VALUES (6, N'History of Magic', 2, 2, 2, 2, 2, 5, 5, NULL, NULL, NULL)
INSERT [dbo].[Classes] ([ClassId], [Name], [Year1Type], [Year2Type], [Year3Type], [Year4Type], [Year5Type], [Year6Type], [Year7Type], [Location], [MaxCapacity], [NumberOfHouses]) VALUES (7, N'Potions', 2, 2, 2, 2, 2, 5, 5, NULL, NULL, NULL)
INSERT [dbo].[Classes] ([ClassId], [Name], [Year1Type], [Year2Type], [Year3Type], [Year4Type], [Year5Type], [Year6Type], [Year7Type], [Location], [MaxCapacity], [NumberOfHouses]) VALUES (8, N'Transfiguration', 2, 2, 2, 2, 2, 5, 5, NULL, NULL, NULL)
INSERT [dbo].[Classes] ([ClassId], [Name], [Year1Type], [Year2Type], [Year3Type], [Year4Type], [Year5Type], [Year6Type], [Year7Type], [Location], [MaxCapacity], [NumberOfHouses]) VALUES (9, N'Arithmancy', 1, 1, 3, 3, 3, 3, 3, NULL, NULL, NULL)
INSERT [dbo].[Classes] ([ClassId], [Name], [Year1Type], [Year2Type], [Year3Type], [Year4Type], [Year5Type], [Year6Type], [Year7Type], [Location], [MaxCapacity], [NumberOfHouses]) VALUES (10, N'Care of Magical Creatures', 1, 1, 3, 3, 3, 3, 3, NULL, NULL, NULL)
INSERT [dbo].[Classes] ([ClassId], [Name], [Year1Type], [Year2Type], [Year3Type], [Year4Type], [Year5Type], [Year6Type], [Year7Type], [Location], [MaxCapacity], [NumberOfHouses]) VALUES (11, N'Muggle Studies', 1, 1, 3, 3, 3, 3, 3, NULL, NULL, NULL)
INSERT [dbo].[Classes] ([ClassId], [Name], [Year1Type], [Year2Type], [Year3Type], [Year4Type], [Year5Type], [Year6Type], [Year7Type], [Location], [MaxCapacity], [NumberOfHouses]) VALUES (12, N'Study of Ancient Runes', 1, 1, 3, 3, 3, 3, 3, NULL, NULL, NULL)
INSERT [dbo].[Classes] ([ClassId], [Name], [Year1Type], [Year2Type], [Year3Type], [Year4Type], [Year5Type], [Year6Type], [Year7Type], [Location], [MaxCapacity], [NumberOfHouses]) VALUES (13, N'Apparition', 1, 1, 1, 1, 1, 3, 3, NULL, NULL, NULL)
INSERT [dbo].[Classes] ([ClassId], [Name], [Year1Type], [Year2Type], [Year3Type], [Year4Type], [Year5Type], [Year6Type], [Year7Type], [Location], [MaxCapacity], [NumberOfHouses]) VALUES (14, N'Divination', 1, 1, 3, 3, 3, 1, 1, NULL, NULL, NULL)
INSERT [dbo].[Classes] ([ClassId], [Name], [Year1Type], [Year2Type], [Year3Type], [Year4Type], [Year5Type], [Year6Type], [Year7Type], [Location], [MaxCapacity], [NumberOfHouses]) VALUES (15, N'Alchemy', 1, 1, 1, 1, 1, 5, 5, NULL, NULL, NULL)
INSERT [dbo].[Classes] ([ClassId], [Name], [Year1Type], [Year2Type], [Year3Type], [Year4Type], [Year5Type], [Year6Type], [Year7Type], [Location], [MaxCapacity], [NumberOfHouses]) VALUES (16, N'Advanced Arithromancy', 1, 1, 1, 1, 1, 4, 4, NULL, NULL, NULL)
INSERT [dbo].[Classes] ([ClassId], [Name], [Year1Type], [Year2Type], [Year3Type], [Year4Type], [Year5Type], [Year6Type], [Year7Type], [Location], [MaxCapacity], [NumberOfHouses]) VALUES (17, N'Ancient Studies', 1, 1, 4, 4, 4, 4, 4, NULL, NULL, NULL)
INSERT [dbo].[Classes] ([ClassId], [Name], [Year1Type], [Year2Type], [Year3Type], [Year4Type], [Year5Type], [Year6Type], [Year7Type], [Location], [MaxCapacity], [NumberOfHouses]) VALUES (18, N'Art', 1, 1, 4, 4, 4, 4, 4, NULL, NULL, NULL)
INSERT [dbo].[Classes] ([ClassId], [Name], [Year1Type], [Year2Type], [Year3Type], [Year4Type], [Year5Type], [Year6Type], [Year7Type], [Location], [MaxCapacity], [NumberOfHouses]) VALUES (19, N'Ghoul Studies', 1, 1, 4, 4, 4, 4, 4, NULL, NULL, NULL)
INSERT [dbo].[Classes] ([ClassId], [Name], [Year1Type], [Year2Type], [Year3Type], [Year4Type], [Year5Type], [Year6Type], [Year7Type], [Location], [MaxCapacity], [NumberOfHouses]) VALUES (20, N'Magical Theory', 1, 1, 4, 4, 4, 4, 4, NULL, NULL, NULL)
INSERT [dbo].[Classes] ([ClassId], [Name], [Year1Type], [Year2Type], [Year3Type], [Year4Type], [Year5Type], [Year6Type], [Year7Type], [Location], [MaxCapacity], [NumberOfHouses]) VALUES (21, N'Muggle Art', 1, 1, 4, 4, 4, 4, 4, NULL, NULL, NULL)
INSERT [dbo].[Classes] ([ClassId], [Name], [Year1Type], [Year2Type], [Year3Type], [Year4Type], [Year5Type], [Year6Type], [Year7Type], [Location], [MaxCapacity], [NumberOfHouses]) VALUES (22, N'Muggle Music', 1, 1, 4, 4, 4, 4, 4, NULL, NULL, NULL)
INSERT [dbo].[Classes] ([ClassId], [Name], [Year1Type], [Year2Type], [Year3Type], [Year4Type], [Year5Type], [Year6Type], [Year7Type], [Location], [MaxCapacity], [NumberOfHouses]) VALUES (23, N'Music', 1, 1, 4, 4, 4, 4, 4, NULL, NULL, NULL)
INSERT [dbo].[Classes] ([ClassId], [Name], [Year1Type], [Year2Type], [Year3Type], [Year4Type], [Year5Type], [Year6Type], [Year7Type], [Location], [MaxCapacity], [NumberOfHouses]) VALUES (24, N'Xylomancy', 1, 1, 4, 4, 4, 4, 4, NULL, NULL, NULL)
SET IDENTITY_INSERT [dbo].[Classes] OFF

GO

SET IDENTITY_INSERT [dbo].[Students] ON 

INSERT [dbo].[Students] ([StudentID], [LastName], [FirstName], [HouseID], [Year], [ElectiveOneID], [ElectiveTwoID]) VALUES (1, N'Toads', N'Buck', 1, 4, NULL, NULL)
INSERT [dbo].[Students] ([StudentID], [LastName], [FirstName], [HouseID], [Year], [ElectiveOneID], [ElectiveTwoID]) VALUES (2, N'Snowbell', N'Tillman', 4, 7, NULL, NULL)
INSERT [dbo].[Students] ([StudentID], [LastName], [FirstName], [HouseID], [Year], [ElectiveOneID], [ElectiveTwoID]) VALUES (3, N'Silverling', N'Elza', 3, 3, NULL, NULL)
INSERT [dbo].[Students] ([StudentID], [LastName], [FirstName], [HouseID], [Year], [ElectiveOneID], [ElectiveTwoID]) VALUES (4, N'Owlet', N'Miller', 3, 2, NULL, NULL)
INSERT [dbo].[Students] ([StudentID], [LastName], [FirstName], [HouseID], [Year], [ElectiveOneID], [ElectiveTwoID]) VALUES (5, N'Box', N'Ross', 1, 2, NULL, NULL)
INSERT [dbo].[Students] ([StudentID], [LastName], [FirstName], [HouseID], [Year], [ElectiveOneID], [ElectiveTwoID]) VALUES (6, N'Pugs', N'Slate', 4, 4, NULL, NULL)
INSERT [dbo].[Students] ([StudentID], [LastName], [FirstName], [HouseID], [Year], [ElectiveOneID], [ElectiveTwoID]) VALUES (7, N'Hornette', N'Rock', 3, 3, NULL, NULL)
INSERT [dbo].[Students] ([StudentID], [LastName], [FirstName], [HouseID], [Year], [ElectiveOneID], [ElectiveTwoID]) VALUES (8, N'Collar', N'Hudson', 4, 1, NULL, NULL)
INSERT [dbo].[Students] ([StudentID], [LastName], [FirstName], [HouseID], [Year], [ElectiveOneID], [ElectiveTwoID]) VALUES (9, N'Canis', N'Ackley', 4, 5, NULL, NULL)
INSERT [dbo].[Students] ([StudentID], [LastName], [FirstName], [HouseID], [Year], [ElectiveOneID], [ElectiveTwoID]) VALUES (10, N'Roc', N'Zinc', 2, 6, NULL, NULL)
INSERT [dbo].[Students] ([StudentID], [LastName], [FirstName], [HouseID], [Year], [ElectiveOneID], [ElectiveTwoID]) VALUES (11, N'Cornus', N'Bret', 2, 6, NULL, NULL)
INSERT [dbo].[Students] ([StudentID], [LastName], [FirstName], [HouseID], [Year], [ElectiveOneID], [ElectiveTwoID]) VALUES (12, N'Vixen', N'Taylor', 2, 5, NULL, NULL)
INSERT [dbo].[Students] ([StudentID], [LastName], [FirstName], [HouseID], [Year], [ElectiveOneID], [ElectiveTwoID]) VALUES (13, N'Cycad', N'Reed', 3, 1, NULL, NULL)
INSERT [dbo].[Students] ([StudentID], [LastName], [FirstName], [HouseID], [Year], [ElectiveOneID], [ElectiveTwoID]) VALUES (14, N'Pots', N'Quinn', 3, 2, NULL, NULL)
INSERT [dbo].[Students] ([StudentID], [LastName], [FirstName], [HouseID], [Year], [ElectiveOneID], [ElectiveTwoID]) VALUES (15, N'Loriss', N'Glenn', 2, 3, NULL, NULL)
INSERT [dbo].[Students] ([StudentID], [LastName], [FirstName], [HouseID], [Year], [ElectiveOneID], [ElectiveTwoID]) VALUES (16, N'Drake', N'Cedar', 2, 1, NULL, NULL)
INSERT [dbo].[Students] ([StudentID], [LastName], [FirstName], [HouseID], [Year], [ElectiveOneID], [ElectiveTwoID]) VALUES (17, N'Bells', N'Silver', 2, 4, NULL, NULL)
INSERT [dbo].[Students] ([StudentID], [LastName], [FirstName], [HouseID], [Year], [ElectiveOneID], [ElectiveTwoID]) VALUES (18, N'Nightshade', N'Mica', 3, 6, NULL, NULL)
INSERT [dbo].[Students] ([StudentID], [LastName], [FirstName], [HouseID], [Year], [ElectiveOneID], [ElectiveTwoID]) VALUES (19, N'Caprine', N'Linden', 1, 7, NULL, NULL)
INSERT [dbo].[Students] ([StudentID], [LastName], [FirstName], [HouseID], [Year], [ElectiveOneID], [ElectiveTwoID]) VALUES (20, N'Ferlet', N'Mica', 3, 7, NULL, NULL)
INSERT [dbo].[Students] ([StudentID], [LastName], [FirstName], [HouseID], [Year], [ElectiveOneID], [ElectiveTwoID]) VALUES (21, N'Conebush', N'Carmen', 3, 3, NULL, NULL)
INSERT [dbo].[Students] ([StudentID], [LastName], [FirstName], [HouseID], [Year], [ElectiveOneID], [ElectiveTwoID]) VALUES (22, N'Griffis', N'Lane', 1, 4, NULL, NULL)
INSERT [dbo].[Students] ([StudentID], [LastName], [FirstName], [HouseID], [Year], [ElectiveOneID], [ElectiveTwoID]) VALUES (23, N'Grouse', N'Lynn', 3, 4, NULL, NULL)
INSERT [dbo].[Students] ([StudentID], [LastName], [FirstName], [HouseID], [Year], [ElectiveOneID], [ElectiveTwoID]) VALUES (24, N'Nettle', N'River', 4, 3, NULL, NULL)
INSERT [dbo].[Students] ([StudentID], [LastName], [FirstName], [HouseID], [Year], [ElectiveOneID], [ElectiveTwoID]) VALUES (25, N'Locket', N'Jesse', 1, 1, NULL, NULL)
INSERT [dbo].[Students] ([StudentID], [LastName], [FirstName], [HouseID], [Year], [ElectiveOneID], [ElectiveTwoID]) VALUES (26, N'Rosewood', N'Bramble', 3, 3, NULL, NULL)
INSERT [dbo].[Students] ([StudentID], [LastName], [FirstName], [HouseID], [Year], [ElectiveOneID], [ElectiveTwoID]) VALUES (27, N'Goldfinch', N'Snow', 2, 7, NULL, NULL)
INSERT [dbo].[Students] ([StudentID], [LastName], [FirstName], [HouseID], [Year], [ElectiveOneID], [ElectiveTwoID]) VALUES (28, N'Cornus', N'Laurel', 2, 5, NULL, NULL)
INSERT [dbo].[Students] ([StudentID], [LastName], [FirstName], [HouseID], [Year], [ElectiveOneID], [ElectiveTwoID]) VALUES (29, N'Bulb', N'Bramble', 4, 4, NULL, NULL)
INSERT [dbo].[Students] ([StudentID], [LastName], [FirstName], [HouseID], [Year], [ElectiveOneID], [ElectiveTwoID]) VALUES (30, N'Everglade', N'Dakota', 1, 7, NULL, NULL)
INSERT [dbo].[Students] ([StudentID], [LastName], [FirstName], [HouseID], [Year], [ElectiveOneID], [ElectiveTwoID]) VALUES (31, N'Griffin', N'Gabe', 4, 4, NULL, NULL)
INSERT [dbo].[Students] ([StudentID], [LastName], [FirstName], [HouseID], [Year], [ElectiveOneID], [ElectiveTwoID]) VALUES (32, N'Soots', N'Lane', 2, 5, NULL, NULL)
INSERT [dbo].[Students] ([StudentID], [LastName], [FirstName], [HouseID], [Year], [ElectiveOneID], [ElectiveTwoID]) VALUES (33, N'Wolfs', N'Emerson', 1, 6, NULL, NULL)
INSERT [dbo].[Students] ([StudentID], [LastName], [FirstName], [HouseID], [Year], [ElectiveOneID], [ElectiveTwoID]) VALUES (34, N'Robin', N'Steff', 4, 1, NULL, NULL)
INSERT [dbo].[Students] ([StudentID], [LastName], [FirstName], [HouseID], [Year], [ElectiveOneID], [ElectiveTwoID]) VALUES (35, N'Fogs', N'River', 4, 4, NULL, NULL)
INSERT [dbo].[Students] ([StudentID], [LastName], [FirstName], [HouseID], [Year], [ElectiveOneID], [ElectiveTwoID]) VALUES (36, N'Beetle', N'Crescent', 1, 5, NULL, NULL)
INSERT [dbo].[Students] ([StudentID], [LastName], [FirstName], [HouseID], [Year], [ElectiveOneID], [ElectiveTwoID]) VALUES (37, N'Serpen', N'Bayou', 4, 5, NULL, NULL)
INSERT [dbo].[Students] ([StudentID], [LastName], [FirstName], [HouseID], [Year], [ElectiveOneID], [ElectiveTwoID]) VALUES (38, N'Copper', N'Reed', 3, 7, NULL, NULL)
INSERT [dbo].[Students] ([StudentID], [LastName], [FirstName], [HouseID], [Year], [ElectiveOneID], [ElectiveTwoID]) VALUES (39, N'Rook', N'Starling', 4, 5, NULL, NULL)
INSERT [dbo].[Students] ([StudentID], [LastName], [FirstName], [HouseID], [Year], [ElectiveOneID], [ElectiveTwoID]) VALUES (40, N'Gold', N'Marin', 2, 2, NULL, NULL)
INSERT [dbo].[Students] ([StudentID], [LastName], [FirstName], [HouseID], [Year], [ElectiveOneID], [ElectiveTwoID]) VALUES (41, N'Lavender', N'Brook', 1, 7, NULL, NULL)
INSERT [dbo].[Students] ([StudentID], [LastName], [FirstName], [HouseID], [Year], [ElectiveOneID], [ElectiveTwoID]) VALUES (42, N'Mistle', N'Gabe', 2, 5, NULL, NULL)
INSERT [dbo].[Students] ([StudentID], [LastName], [FirstName], [HouseID], [Year], [ElectiveOneID], [ElectiveTwoID]) VALUES (43, N'Oleander', N'Ashton', 4, 3, NULL, NULL)
INSERT [dbo].[Students] ([StudentID], [LastName], [FirstName], [HouseID], [Year], [ElectiveOneID], [ElectiveTwoID]) VALUES (44, N'Cross', N'Taylor', 3, 6, NULL, NULL)
INSERT [dbo].[Students] ([StudentID], [LastName], [FirstName], [HouseID], [Year], [ElectiveOneID], [ElectiveTwoID]) VALUES (45, N'Silverling', N'Shay', 2, 3, NULL, NULL)
INSERT [dbo].[Students] ([StudentID], [LastName], [FirstName], [HouseID], [Year], [ElectiveOneID], [ElectiveTwoID]) VALUES (46, N'Ferret', N'Sorrel', 3, 6, NULL, NULL)
INSERT [dbo].[Students] ([StudentID], [LastName], [FirstName], [HouseID], [Year], [ElectiveOneID], [ElectiveTwoID]) VALUES (47, N'Boots', N'Cloud', 3, 2, NULL, NULL)
INSERT [dbo].[Students] ([StudentID], [LastName], [FirstName], [HouseID], [Year], [ElectiveOneID], [ElectiveTwoID]) VALUES (48, N'Biscus', N'Raven', 3, 7, NULL, NULL)
INSERT [dbo].[Students] ([StudentID], [LastName], [FirstName], [HouseID], [Year], [ElectiveOneID], [ElectiveTwoID]) VALUES (49, N'Beetle', N'Snow', 1, 7, NULL, NULL)
INSERT [dbo].[Students] ([StudentID], [LastName], [FirstName], [HouseID], [Year], [ElectiveOneID], [ElectiveTwoID]) VALUES (50, N'Griffis', N'Brooks', 1, 6, NULL, NULL)
INSERT [dbo].[Students] ([StudentID], [LastName], [FirstName], [HouseID], [Year], [ElectiveOneID], [ElectiveTwoID]) VALUES (51, N'Hammers', N'Kerry', 3, 1, NULL, NULL)
INSERT [dbo].[Students] ([StudentID], [LastName], [FirstName], [HouseID], [Year], [ElectiveOneID], [ElectiveTwoID]) VALUES (52, N'Hoganis', N'Noel', 3, 1, NULL, NULL)
INSERT [dbo].[Students] ([StudentID], [LastName], [FirstName], [HouseID], [Year], [ElectiveOneID], [ElectiveTwoID]) VALUES (53, N'Collar', N'Riley', 3, 4, NULL, NULL)
INSERT [dbo].[Students] ([StudentID], [LastName], [FirstName], [HouseID], [Year], [ElectiveOneID], [ElectiveTwoID]) VALUES (54, N'Newts', N'Billy', 3, 5, NULL, NULL)
INSERT [dbo].[Students] ([StudentID], [LastName], [FirstName], [HouseID], [Year], [ElectiveOneID], [ElectiveTwoID]) VALUES (55, N'Serpen', N'Sidney', 2, 5, NULL, NULL)
INSERT [dbo].[Students] ([StudentID], [LastName], [FirstName], [HouseID], [Year], [ElectiveOneID], [ElectiveTwoID]) VALUES (56, N'Sweaters', N'Storm', 2, 3, NULL, NULL)
INSERT [dbo].[Students] ([StudentID], [LastName], [FirstName], [HouseID], [Year], [ElectiveOneID], [ElectiveTwoID]) VALUES (57, N'Hedge', N'Starling', 1, 7, NULL, NULL)
INSERT [dbo].[Students] ([StudentID], [LastName], [FirstName], [HouseID], [Year], [ElectiveOneID], [ElectiveTwoID]) VALUES (58, N'Fairy', N'Pine', 3, 4, NULL, NULL)
INSERT [dbo].[Students] ([StudentID], [LastName], [FirstName], [HouseID], [Year], [ElectiveOneID], [ElectiveTwoID]) VALUES (59, N'Logg', N'Cypress', 2, 3, NULL, NULL)
INSERT [dbo].[Students] ([StudentID], [LastName], [FirstName], [HouseID], [Year], [ElectiveOneID], [ElectiveTwoID]) VALUES (60, N'Riddle', N'Cricket', 3, 5, NULL, NULL)
INSERT [dbo].[Students] ([StudentID], [LastName], [FirstName], [HouseID], [Year], [ElectiveOneID], [ElectiveTwoID]) VALUES (61, N'Bricks', N'Frankie', 3, 1, NULL, NULL)
INSERT [dbo].[Students] ([StudentID], [LastName], [FirstName], [HouseID], [Year], [ElectiveOneID], [ElectiveTwoID]) VALUES (62, N'Leveret', N'Hayden', 1, 3, NULL, NULL)
INSERT [dbo].[Students] ([StudentID], [LastName], [FirstName], [HouseID], [Year], [ElectiveOneID], [ElectiveTwoID]) VALUES (63, N'Larch', N'Steff', 2, 2, NULL, NULL)
INSERT [dbo].[Students] ([StudentID], [LastName], [FirstName], [HouseID], [Year], [ElectiveOneID], [ElectiveTwoID]) VALUES (64, N'Bulb', N'Erin', 1, 4, NULL, NULL)
INSERT [dbo].[Students] ([StudentID], [LastName], [FirstName], [HouseID], [Year], [ElectiveOneID], [ElectiveTwoID]) VALUES (65, N'Buckling', N'Elliot', 4, 5, NULL, NULL)
INSERT [dbo].[Students] ([StudentID], [LastName], [FirstName], [HouseID], [Year], [ElectiveOneID], [ElectiveTwoID]) VALUES (66, N'Draguar', N'River', 2, 3, NULL, NULL)
INSERT [dbo].[Students] ([StudentID], [LastName], [FirstName], [HouseID], [Year], [ElectiveOneID], [ElectiveTwoID]) VALUES (67, N'Pineneedle', N'Starling', 3, 7, NULL, NULL)
INSERT [dbo].[Students] ([StudentID], [LastName], [FirstName], [HouseID], [Year], [ElectiveOneID], [ElectiveTwoID]) VALUES (68, N'Salman', N'Brook', 1, 7, NULL, NULL)
INSERT [dbo].[Students] ([StudentID], [LastName], [FirstName], [HouseID], [Year], [ElectiveOneID], [ElectiveTwoID]) VALUES (69, N'Logg', N'Angel', 1, 1, NULL, NULL)
INSERT [dbo].[Students] ([StudentID], [LastName], [FirstName], [HouseID], [Year], [ElectiveOneID], [ElectiveTwoID]) VALUES (70, N'Strix', N'Ari', 4, 7, NULL, NULL)
INSERT [dbo].[Students] ([StudentID], [LastName], [FirstName], [HouseID], [Year], [ElectiveOneID], [ElectiveTwoID]) VALUES (71, N'Silverberry', N'Noel', 3, 4, NULL, NULL)
INSERT [dbo].[Students] ([StudentID], [LastName], [FirstName], [HouseID], [Year], [ElectiveOneID], [ElectiveTwoID]) VALUES (72, N'Crooks', N'Leslie', 2, 1, NULL, NULL)
INSERT [dbo].[Students] ([StudentID], [LastName], [FirstName], [HouseID], [Year], [ElectiveOneID], [ElectiveTwoID]) VALUES (73, N'Selket', N'Bev', 2, 6, NULL, NULL)
INSERT [dbo].[Students] ([StudentID], [LastName], [FirstName], [HouseID], [Year], [ElectiveOneID], [ElectiveTwoID]) VALUES (74, N'Bells', N'Danni', 3, 2, NULL, NULL)
INSERT [dbo].[Students] ([StudentID], [LastName], [FirstName], [HouseID], [Year], [ElectiveOneID], [ElectiveTwoID]) VALUES (75, N'Lyre', N'Bailey', 2, 3, NULL, NULL)
INSERT [dbo].[Students] ([StudentID], [LastName], [FirstName], [HouseID], [Year], [ElectiveOneID], [ElectiveTwoID]) VALUES (76, N'Littletree', N'Sage', 1, 2, NULL, NULL)
INSERT [dbo].[Students] ([StudentID], [LastName], [FirstName], [HouseID], [Year], [ElectiveOneID], [ElectiveTwoID]) VALUES (77, N'Gooseberry', N'Ember', 1, 5, NULL, NULL)
INSERT [dbo].[Students] ([StudentID], [LastName], [FirstName], [HouseID], [Year], [ElectiveOneID], [ElectiveTwoID]) VALUES (78, N'Marble', N'Haven', 3, 3, NULL, NULL)
INSERT [dbo].[Students] ([StudentID], [LastName], [FirstName], [HouseID], [Year], [ElectiveOneID], [ElectiveTwoID]) VALUES (79, N'Firethron', N'Nova', 2, 6, NULL, NULL)
INSERT [dbo].[Students] ([StudentID], [LastName], [FirstName], [HouseID], [Year], [ElectiveOneID], [ElectiveTwoID]) VALUES (80, N'Stinkwood', N'Pepper', 4, 7, NULL, NULL)
INSERT [dbo].[Students] ([StudentID], [LastName], [FirstName], [HouseID], [Year], [ElectiveOneID], [ElectiveTwoID]) VALUES (81, N'Silverberry', N'Noel', 2, 4, NULL, NULL)
INSERT [dbo].[Students] ([StudentID], [LastName], [FirstName], [HouseID], [Year], [ElectiveOneID], [ElectiveTwoID]) VALUES (82, N'Crooks', N'Leslie', 4, 2, NULL, NULL)
INSERT [dbo].[Students] ([StudentID], [LastName], [FirstName], [HouseID], [Year], [ElectiveOneID], [ElectiveTwoID]) VALUES (83, N'Selket', N'Bev', 2, 1, NULL, NULL)
INSERT [dbo].[Students] ([StudentID], [LastName], [FirstName], [HouseID], [Year], [ElectiveOneID], [ElectiveTwoID]) VALUES (84, N'Bells', N'Danni', 2, 1, NULL, NULL)
INSERT [dbo].[Students] ([StudentID], [LastName], [FirstName], [HouseID], [Year], [ElectiveOneID], [ElectiveTwoID]) VALUES (85, N'Lyre', N'Bailey', 4, 6, NULL, NULL)
INSERT [dbo].[Students] ([StudentID], [LastName], [FirstName], [HouseID], [Year], [ElectiveOneID], [ElectiveTwoID]) VALUES (86, N'Littletree', N'Sage', 4, 3, NULL, NULL)
INSERT [dbo].[Students] ([StudentID], [LastName], [FirstName], [HouseID], [Year], [ElectiveOneID], [ElectiveTwoID]) VALUES (87, N'Gooseberry', N'Ember', 2, 5, NULL, NULL)
INSERT [dbo].[Students] ([StudentID], [LastName], [FirstName], [HouseID], [Year], [ElectiveOneID], [ElectiveTwoID]) VALUES (88, N'Marble', N'Haven', 2, 4, NULL, NULL)
INSERT [dbo].[Students] ([StudentID], [LastName], [FirstName], [HouseID], [Year], [ElectiveOneID], [ElectiveTwoID]) VALUES (89, N'Firethron', N'Nova', 4, 5, NULL, NULL)
INSERT [dbo].[Students] ([StudentID], [LastName], [FirstName], [HouseID], [Year], [ElectiveOneID], [ElectiveTwoID]) VALUES (90, N'Stinkwood', N'Pepper', 2, 1, NULL, NULL)
INSERT [dbo].[Students] ([StudentID], [LastName], [FirstName], [HouseID], [Year], [ElectiveOneID], [ElectiveTwoID]) VALUES (91, N'Locket', N'Terry', 3, 7, NULL, NULL)
INSERT [dbo].[Students] ([StudentID], [LastName], [FirstName], [HouseID], [Year], [ElectiveOneID], [ElectiveTwoID]) VALUES (92, N'Stripes', N'Ryan', 3, 3, NULL, NULL)
INSERT [dbo].[Students] ([StudentID], [LastName], [FirstName], [HouseID], [Year], [ElectiveOneID], [ElectiveTwoID]) VALUES (93, N'Cups', N'Avery', 2, 2, NULL, NULL)
INSERT [dbo].[Students] ([StudentID], [LastName], [FirstName], [HouseID], [Year], [ElectiveOneID], [ElectiveTwoID]) VALUES (94, N'Ambarella', N'Frankie', 4, 6, NULL, NULL)
INSERT [dbo].[Students] ([StudentID], [LastName], [FirstName], [HouseID], [Year], [ElectiveOneID], [ElectiveTwoID]) VALUES (95, N'Birdnest', N'Robin', 1, 3, NULL, NULL)
INSERT [dbo].[Students] ([StudentID], [LastName], [FirstName], [HouseID], [Year], [ElectiveOneID], [ElectiveTwoID]) VALUES (96, N'Sands', N'Ginger', 4, 4, NULL, NULL)
INSERT [dbo].[Students] ([StudentID], [LastName], [FirstName], [HouseID], [Year], [ElectiveOneID], [ElectiveTwoID]) VALUES (97, N'Filly', N'Kale', 4, 3, NULL, NULL)
INSERT [dbo].[Students] ([StudentID], [LastName], [FirstName], [HouseID], [Year], [ElectiveOneID], [ElectiveTwoID]) VALUES (98, N'Fir', N'Rain', 1, 2, NULL, NULL)
INSERT [dbo].[Students] ([StudentID], [LastName], [FirstName], [HouseID], [Year], [ElectiveOneID], [ElectiveTwoID]) VALUES (99, N'Chalks', N'Starling', 3, 1, NULL, NULL)
GO
INSERT [dbo].[Students] ([StudentID], [LastName], [FirstName], [HouseID], [Year], [ElectiveOneID], [ElectiveTwoID]) VALUES (100, N'Conebush', N'Wren', 1, 4, NULL, NULL)
INSERT [dbo].[Students] ([StudentID], [LastName], [FirstName], [HouseID], [Year], [ElectiveOneID], [ElectiveTwoID]) VALUES (101, N'Boartusk', N'Drew', 1, 2, NULL, NULL)
INSERT [dbo].[Students] ([StudentID], [LastName], [FirstName], [HouseID], [Year], [ElectiveOneID], [ElectiveTwoID]) VALUES (102, N'Inkwood', N'Mel', 3, 7, NULL, NULL)
INSERT [dbo].[Students] ([StudentID], [LastName], [FirstName], [HouseID], [Year], [ElectiveOneID], [ElectiveTwoID]) VALUES (103, N'Ash', N'Drew', 2, 3, NULL, NULL)
INSERT [dbo].[Students] ([StudentID], [LastName], [FirstName], [HouseID], [Year], [ElectiveOneID], [ElectiveTwoID]) VALUES (104, N'Colibiri', N'Gail', 3, 4, NULL, NULL)
INSERT [dbo].[Students] ([StudentID], [LastName], [FirstName], [HouseID], [Year], [ElectiveOneID], [ElectiveTwoID]) VALUES (105, N'Spindlewheel', N'Morgan', 4, 5, NULL, NULL)
INSERT [dbo].[Students] ([StudentID], [LastName], [FirstName], [HouseID], [Year], [ElectiveOneID], [ElectiveTwoID]) VALUES (106, N'Gerble', N'Jade', 3, 2, NULL, NULL)
INSERT [dbo].[Students] ([StudentID], [LastName], [FirstName], [HouseID], [Year], [ElectiveOneID], [ElectiveTwoID]) VALUES (107, N'Shrew', N'Gideon', 4, 6, NULL, NULL)
INSERT [dbo].[Students] ([StudentID], [LastName], [FirstName], [HouseID], [Year], [ElectiveOneID], [ElectiveTwoID]) VALUES (108, N'Rose', N'Stormy', 4, 4, NULL, NULL)
INSERT [dbo].[Students] ([StudentID], [LastName], [FirstName], [HouseID], [Year], [ElectiveOneID], [ElectiveTwoID]) VALUES (109, N'Cobweb', N'Clove', 1, 6, NULL, NULL)
INSERT [dbo].[Students] ([StudentID], [LastName], [FirstName], [HouseID], [Year], [ElectiveOneID], [ElectiveTwoID]) VALUES (110, N'Loriss', N'Juniper', 4, 3, NULL, NULL)
INSERT [dbo].[Students] ([StudentID], [LastName], [FirstName], [HouseID], [Year], [ElectiveOneID], [ElectiveTwoID]) VALUES (111, N'Shore', N'Caden', 4, 1, NULL, NULL)
INSERT [dbo].[Students] ([StudentID], [LastName], [FirstName], [HouseID], [Year], [ElectiveOneID], [ElectiveTwoID]) VALUES (112, N'Hemlock', N'Brice', 3, 7, NULL, NULL)
INSERT [dbo].[Students] ([StudentID], [LastName], [FirstName], [HouseID], [Year], [ElectiveOneID], [ElectiveTwoID]) VALUES (113, N'Rubble', N'Glen', 2, 2, NULL, NULL)
INSERT [dbo].[Students] ([StudentID], [LastName], [FirstName], [HouseID], [Year], [ElectiveOneID], [ElectiveTwoID]) VALUES (114, N'Lavender', N'Val', 1, 7, NULL, NULL)
INSERT [dbo].[Students] ([StudentID], [LastName], [FirstName], [HouseID], [Year], [ElectiveOneID], [ElectiveTwoID]) VALUES (115, N'Fiddlewood', N'Harper', 2, 3, NULL, NULL)
INSERT [dbo].[Students] ([StudentID], [LastName], [FirstName], [HouseID], [Year], [ElectiveOneID], [ElectiveTwoID]) VALUES (116, N'Horsetail', N'Marin', 4, 4, NULL, NULL)
INSERT [dbo].[Students] ([StudentID], [LastName], [FirstName], [HouseID], [Year], [ElectiveOneID], [ElectiveTwoID]) VALUES (117, N'Squabs', N'Rain', 3, 6, NULL, NULL)
INSERT [dbo].[Students] ([StudentID], [LastName], [FirstName], [HouseID], [Year], [ElectiveOneID], [ElectiveTwoID]) VALUES (118, N'Button', N'Brooks', 2, 3, NULL, NULL)
INSERT [dbo].[Students] ([StudentID], [LastName], [FirstName], [HouseID], [Year], [ElectiveOneID], [ElectiveTwoID]) VALUES (119, N'Batt', N'Jordan', 3, 5, NULL, NULL)
INSERT [dbo].[Students] ([StudentID], [LastName], [FirstName], [HouseID], [Year], [ElectiveOneID], [ElectiveTwoID]) VALUES (120, N'Spindle', N'Indigo', 1, 5, NULL, NULL)
INSERT [dbo].[Students] ([StudentID], [LastName], [FirstName], [HouseID], [Year], [ElectiveOneID], [ElectiveTwoID]) VALUES (121, N'Sow', N'Cameron', 2, 5, NULL, NULL)
INSERT [dbo].[Students] ([StudentID], [LastName], [FirstName], [HouseID], [Year], [ElectiveOneID], [ElectiveTwoID]) VALUES (122, N'Doe', N'Fran', 4, 7, NULL, NULL)
INSERT [dbo].[Students] ([StudentID], [LastName], [FirstName], [HouseID], [Year], [ElectiveOneID], [ElectiveTwoID]) VALUES (123, N'Albatross', N'Leigh', 4, 4, NULL, NULL)
INSERT [dbo].[Students] ([StudentID], [LastName], [FirstName], [HouseID], [Year], [ElectiveOneID], [ElectiveTwoID]) VALUES (124, N'Slumber', N'Harley', 3, 5, NULL, NULL)
INSERT [dbo].[Students] ([StudentID], [LastName], [FirstName], [HouseID], [Year], [ElectiveOneID], [ElectiveTwoID]) VALUES (125, N'Codde', N'Kit', 3, 3, NULL, NULL)
INSERT [dbo].[Students] ([StudentID], [LastName], [FirstName], [HouseID], [Year], [ElectiveOneID], [ElectiveTwoID]) VALUES (126, N'Cygnet', N'Nova', 4, 1, NULL, NULL)
INSERT [dbo].[Students] ([StudentID], [LastName], [FirstName], [HouseID], [Year], [ElectiveOneID], [ElectiveTwoID]) VALUES (127, N'Fiddlesticks', N'Sol', 4, 2, NULL, NULL)
INSERT [dbo].[Students] ([StudentID], [LastName], [FirstName], [HouseID], [Year], [ElectiveOneID], [ElectiveTwoID]) VALUES (128, N'Raywood', N'Pine', 1, 4, NULL, NULL)
INSERT [dbo].[Students] ([StudentID], [LastName], [FirstName], [HouseID], [Year], [ElectiveOneID], [ElectiveTwoID]) VALUES (129, N'Fogs', N'Sorrel', 1, 6, NULL, NULL)
INSERT [dbo].[Students] ([StudentID], [LastName], [FirstName], [HouseID], [Year], [ElectiveOneID], [ElectiveTwoID]) VALUES (130, N'Corals', N'Blair', 3, 1, NULL, NULL)
INSERT [dbo].[Students] ([StudentID], [LastName], [FirstName], [HouseID], [Year], [ElectiveOneID], [ElectiveTwoID]) VALUES (131, N'Locks', N'Bret', 2, 2, NULL, NULL)
INSERT [dbo].[Students] ([StudentID], [LastName], [FirstName], [HouseID], [Year], [ElectiveOneID], [ElectiveTwoID]) VALUES (132, N'Fenrin', N'Billy', 1, 5, NULL, NULL)
INSERT [dbo].[Students] ([StudentID], [LastName], [FirstName], [HouseID], [Year], [ElectiveOneID], [ElectiveTwoID]) VALUES (133, N'Badger', N'Ashton', 1, 2, NULL, NULL)
INSERT [dbo].[Students] ([StudentID], [LastName], [FirstName], [HouseID], [Year], [ElectiveOneID], [ElectiveTwoID]) VALUES (134, N'Firethron', N'Gabby', 1, 6, NULL, NULL)
INSERT [dbo].[Students] ([StudentID], [LastName], [FirstName], [HouseID], [Year], [ElectiveOneID], [ElectiveTwoID]) VALUES (135, N'Gears', N'Lane', 3, 4, NULL, NULL)
INSERT [dbo].[Students] ([StudentID], [LastName], [FirstName], [HouseID], [Year], [ElectiveOneID], [ElectiveTwoID]) VALUES (136, N'Poisonwood', N'Pine', 1, 5, NULL, NULL)
INSERT [dbo].[Students] ([StudentID], [LastName], [FirstName], [HouseID], [Year], [ElectiveOneID], [ElectiveTwoID]) VALUES (137, N'Buttons', N'Brooke', 2, 2, NULL, NULL)
INSERT [dbo].[Students] ([StudentID], [LastName], [FirstName], [HouseID], [Year], [ElectiveOneID], [ElectiveTwoID]) VALUES (138, N'Wattle', N'Breeze', 1, 4, NULL, NULL)
INSERT [dbo].[Students] ([StudentID], [LastName], [FirstName], [HouseID], [Year], [ElectiveOneID], [ElectiveTwoID]) VALUES (139, N'Nightmare', N'Lazuli', 3, 3, NULL, NULL)
INSERT [dbo].[Students] ([StudentID], [LastName], [FirstName], [HouseID], [Year], [ElectiveOneID], [ElectiveTwoID]) VALUES (140, N'Lillypilly', N'Juniper', 2, 1, NULL, NULL)
INSERT [dbo].[Students] ([StudentID], [LastName], [FirstName], [HouseID], [Year], [ElectiveOneID], [ElectiveTwoID]) VALUES (141, N'Birch', N'Kit', 1, 7, NULL, NULL)
INSERT [dbo].[Students] ([StudentID], [LastName], [FirstName], [HouseID], [Year], [ElectiveOneID], [ElectiveTwoID]) VALUES (142, N'Colten', N'Aubrey', 1, 6, NULL, NULL)
INSERT [dbo].[Students] ([StudentID], [LastName], [FirstName], [HouseID], [Year], [ElectiveOneID], [ElectiveTwoID]) VALUES (143, N'Hoganis', N'Riley', 4, 7, NULL, NULL)
INSERT [dbo].[Students] ([StudentID], [LastName], [FirstName], [HouseID], [Year], [ElectiveOneID], [ElectiveTwoID]) VALUES (144, N'Hatch', N'Harper', 2, 1, NULL, NULL)
INSERT [dbo].[Students] ([StudentID], [LastName], [FirstName], [HouseID], [Year], [ElectiveOneID], [ElectiveTwoID]) VALUES (145, N'Riddle', N'Haiden', 1, 6, NULL, NULL)
INSERT [dbo].[Students] ([StudentID], [LastName], [FirstName], [HouseID], [Year], [ElectiveOneID], [ElectiveTwoID]) VALUES (146, N'Staghart', N'Pine', 2, 5, NULL, NULL)
INSERT [dbo].[Students] ([StudentID], [LastName], [FirstName], [HouseID], [Year], [ElectiveOneID], [ElectiveTwoID]) VALUES (147, N'Yetis', N'Aster', 2, 7, NULL, NULL)
INSERT [dbo].[Students] ([StudentID], [LastName], [FirstName], [HouseID], [Year], [ElectiveOneID], [ElectiveTwoID]) VALUES (148, N'Beehive', N'Marin', 1, 3, NULL, NULL)
INSERT [dbo].[Students] ([StudentID], [LastName], [FirstName], [HouseID], [Year], [ElectiveOneID], [ElectiveTwoID]) VALUES (149, N'Wolfs', N'Silver', 4, 1, NULL, NULL)
INSERT [dbo].[Students] ([StudentID], [LastName], [FirstName], [HouseID], [Year], [ElectiveOneID], [ElectiveTwoID]) VALUES (150, N'Salmander', N'Avis', 3, 3, NULL, NULL)
INSERT [dbo].[Students] ([StudentID], [LastName], [FirstName], [HouseID], [Year], [ElectiveOneID], [ElectiveTwoID]) VALUES (151, N'Partridge', N'Harley', 1, 6, NULL, NULL)
INSERT [dbo].[Students] ([StudentID], [LastName], [FirstName], [HouseID], [Year], [ElectiveOneID], [ElectiveTwoID]) VALUES (152, N'Pugs', N'Gene', 2, 6, NULL, NULL)
INSERT [dbo].[Students] ([StudentID], [LastName], [FirstName], [HouseID], [Year], [ElectiveOneID], [ElectiveTwoID]) VALUES (153, N'Strongbark', N'Ryan', 3, 6, NULL, NULL)
INSERT [dbo].[Students] ([StudentID], [LastName], [FirstName], [HouseID], [Year], [ElectiveOneID], [ElectiveTwoID]) VALUES (154, N'Juneberry', N'Brook', 4, 2, NULL, NULL)
INSERT [dbo].[Students] ([StudentID], [LastName], [FirstName], [HouseID], [Year], [ElectiveOneID], [ElectiveTwoID]) VALUES (155, N'Cassowary', N'Kit', 4, 5, NULL, NULL)
INSERT [dbo].[Students] ([StudentID], [LastName], [FirstName], [HouseID], [Year], [ElectiveOneID], [ElectiveTwoID]) VALUES (156, N'Hemlock', N'Clay', 3, 1, NULL, NULL)
INSERT [dbo].[Students] ([StudentID], [LastName], [FirstName], [HouseID], [Year], [ElectiveOneID], [ElectiveTwoID]) VALUES (157, N'Inkwell', N'Mica', 2, 7, NULL, NULL)
INSERT [dbo].[Students] ([StudentID], [LastName], [FirstName], [HouseID], [Year], [ElectiveOneID], [ElectiveTwoID]) VALUES (158, N'Clocks', N'Wren', 3, 2, NULL, NULL)
INSERT [dbo].[Students] ([StudentID], [LastName], [FirstName], [HouseID], [Year], [ElectiveOneID], [ElectiveTwoID]) VALUES (159, N'Felide', N'Dakota', 3, 3, NULL, NULL)
INSERT [dbo].[Students] ([StudentID], [LastName], [FirstName], [HouseID], [Year], [ElectiveOneID], [ElectiveTwoID]) VALUES (160, N'Snakebark', N'Pepper', 1, 2, NULL, NULL)
INSERT [dbo].[Students] ([StudentID], [LastName], [FirstName], [HouseID], [Year], [ElectiveOneID], [ElectiveTwoID]) VALUES (161, N'Spindlewheel', N'Skye', 3, 7, NULL, NULL)
INSERT [dbo].[Students] ([StudentID], [LastName], [FirstName], [HouseID], [Year], [ElectiveOneID], [ElectiveTwoID]) VALUES (162, N'Birdnest', N'Leslie', 3, 5, NULL, NULL)
INSERT [dbo].[Students] ([StudentID], [LastName], [FirstName], [HouseID], [Year], [ElectiveOneID], [ElectiveTwoID]) VALUES (163, N'Griffins', N'Kiran', 2, 5, NULL, NULL)
INSERT [dbo].[Students] ([StudentID], [LastName], [FirstName], [HouseID], [Year], [ElectiveOneID], [ElectiveTwoID]) VALUES (164, N'Sweets', N'Hayden', 4, 3, NULL, NULL)
INSERT [dbo].[Students] ([StudentID], [LastName], [FirstName], [HouseID], [Year], [ElectiveOneID], [ElectiveTwoID]) VALUES (165, N'Stripes', N'Jo', 3, 3, NULL, NULL)
INSERT [dbo].[Students] ([StudentID], [LastName], [FirstName], [HouseID], [Year], [ElectiveOneID], [ElectiveTwoID]) VALUES (166, N'Partridge', N'Mica', 1, 3, NULL, NULL)
INSERT [dbo].[Students] ([StudentID], [LastName], [FirstName], [HouseID], [Year], [ElectiveOneID], [ElectiveTwoID]) VALUES (167, N'Locks', N'Deer', 4, 2, NULL, NULL)
INSERT [dbo].[Students] ([StudentID], [LastName], [FirstName], [HouseID], [Year], [ElectiveOneID], [ElectiveTwoID]) VALUES (168, N'Elderberry', N'Dusk', 1, 3, NULL, NULL)
INSERT [dbo].[Students] ([StudentID], [LastName], [FirstName], [HouseID], [Year], [ElectiveOneID], [ElectiveTwoID]) VALUES (169, N'Yetis', N'Bayou', 1, 5, NULL, NULL)
INSERT [dbo].[Students] ([StudentID], [LastName], [FirstName], [HouseID], [Year], [ElectiveOneID], [ElectiveTwoID]) VALUES (170, N'Crooks', N'Mango', 2, 2, NULL, NULL)
INSERT [dbo].[Students] ([StudentID], [LastName], [FirstName], [HouseID], [Year], [ElectiveOneID], [ElectiveTwoID]) VALUES (171, N'Boartusk', N'Silver', 1, 5, NULL, NULL)
INSERT [dbo].[Students] ([StudentID], [LastName], [FirstName], [HouseID], [Year], [ElectiveOneID], [ElectiveTwoID]) VALUES (172, N'Loriss', N'Bev', 2, 2, NULL, NULL)
INSERT [dbo].[Students] ([StudentID], [LastName], [FirstName], [HouseID], [Year], [ElectiveOneID], [ElectiveTwoID]) VALUES (173, N'Gulls', N'Leslie', 2, 6, NULL, NULL)
INSERT [dbo].[Students] ([StudentID], [LastName], [FirstName], [HouseID], [Year], [ElectiveOneID], [ElectiveTwoID]) VALUES (174, N'Ferret', N'Billy', 1, 3, NULL, NULL)
INSERT [dbo].[Students] ([StudentID], [LastName], [FirstName], [HouseID], [Year], [ElectiveOneID], [ElectiveTwoID]) VALUES (175, N'Buckthorn', N'Jamie', 1, 4, NULL, NULL)
INSERT [dbo].[Students] ([StudentID], [LastName], [FirstName], [HouseID], [Year], [ElectiveOneID], [ElectiveTwoID]) VALUES (176, N'Gulls', N'Ash', 3, 7, NULL, NULL)
INSERT [dbo].[Students] ([StudentID], [LastName], [FirstName], [HouseID], [Year], [ElectiveOneID], [ElectiveTwoID]) VALUES (177, N'Mallow', N'Sable', 1, 3, NULL, NULL)
INSERT [dbo].[Students] ([StudentID], [LastName], [FirstName], [HouseID], [Year], [ElectiveOneID], [ElectiveTwoID]) VALUES (178, N'Owler', N'Sorrel', 2, 4, NULL, NULL)
INSERT [dbo].[Students] ([StudentID], [LastName], [FirstName], [HouseID], [Year], [ElectiveOneID], [ElectiveTwoID]) VALUES (179, N'Twinkle', N'Dusty', 1, 1, NULL, NULL)
INSERT [dbo].[Students] ([StudentID], [LastName], [FirstName], [HouseID], [Year], [ElectiveOneID], [ElectiveTwoID]) VALUES (180, N'Soots', N'Robin', 1, 3, NULL, NULL)
INSERT [dbo].[Students] ([StudentID], [LastName], [FirstName], [HouseID], [Year], [ElectiveOneID], [ElectiveTwoID]) VALUES (181, N'Sands', N'Alex', 4, 5, NULL, NULL)
INSERT [dbo].[Students] ([StudentID], [LastName], [FirstName], [HouseID], [Year], [ElectiveOneID], [ElectiveTwoID]) VALUES (182, N'Felide', N'Lee', 4, 3, NULL, NULL)
INSERT [dbo].[Students] ([StudentID], [LastName], [FirstName], [HouseID], [Year], [ElectiveOneID], [ElectiveTwoID]) VALUES (183, N'Buckling', N'Aaren', 1, 1, NULL, NULL)
INSERT [dbo].[Students] ([StudentID], [LastName], [FirstName], [HouseID], [Year], [ElectiveOneID], [ElectiveTwoID]) VALUES (184, N'Silverberry', N'Jaden', 2, 7, NULL, NULL)
INSERT [dbo].[Students] ([StudentID], [LastName], [FirstName], [HouseID], [Year], [ElectiveOneID], [ElectiveTwoID]) VALUES (185, N'Stems', N'Chris', 1, 4, NULL, NULL)
INSERT [dbo].[Students] ([StudentID], [LastName], [FirstName], [HouseID], [Year], [ElectiveOneID], [ElectiveTwoID]) VALUES (186, N'Rubble', N'Haven', 3, 1, NULL, NULL)
INSERT [dbo].[Students] ([StudentID], [LastName], [FirstName], [HouseID], [Year], [ElectiveOneID], [ElectiveTwoID]) VALUES (187, N'Coyota', N'Haven', 3, 3, NULL, NULL)
INSERT [dbo].[Students] ([StudentID], [LastName], [FirstName], [HouseID], [Year], [ElectiveOneID], [ElectiveTwoID]) VALUES (188, N'Gerble', N'Haven', 3, 7, NULL, NULL)
INSERT [dbo].[Students] ([StudentID], [LastName], [FirstName], [HouseID], [Year], [ElectiveOneID], [ElectiveTwoID]) VALUES (189, N'Mulberry', N'Skyler', 4, 6, NULL, NULL)
INSERT [dbo].[Students] ([StudentID], [LastName], [FirstName], [HouseID], [Year], [ElectiveOneID], [ElectiveTwoID]) VALUES (190, N'Newts', N'Dew', 1, 2, NULL, NULL)
INSERT [dbo].[Students] ([StudentID], [LastName], [FirstName], [HouseID], [Year], [ElectiveOneID], [ElectiveTwoID]) VALUES (191, N'Button', N'Gale', 1, 5, NULL, NULL)
INSERT [dbo].[Students] ([StudentID], [LastName], [FirstName], [HouseID], [Year], [ElectiveOneID], [ElectiveTwoID]) VALUES (192, N'Hare', N'Mel', 3, 2, NULL, NULL)
INSERT [dbo].[Students] ([StudentID], [LastName], [FirstName], [HouseID], [Year], [ElectiveOneID], [ElectiveTwoID]) VALUES (193, N'Rose', N'Gale', 3, 2, NULL, NULL)
INSERT [dbo].[Students] ([StudentID], [LastName], [FirstName], [HouseID], [Year], [ElectiveOneID], [ElectiveTwoID]) VALUES (194, N'Soots', N'River', 1, 3, NULL, NULL)
INSERT [dbo].[Students] ([StudentID], [LastName], [FirstName], [HouseID], [Year], [ElectiveOneID], [ElectiveTwoID]) VALUES (195, N'Dendron', N'Gail', 2, 5, NULL, NULL)
INSERT [dbo].[Students] ([StudentID], [LastName], [FirstName], [HouseID], [Year], [ElectiveOneID], [ElectiveTwoID]) VALUES (196, N'Evergreen', N'Sorrel', 2, 1, NULL, NULL)
INSERT [dbo].[Students] ([StudentID], [LastName], [FirstName], [HouseID], [Year], [ElectiveOneID], [ElectiveTwoID]) VALUES (197, N'Locks', N'Star', 3, 6, NULL, NULL)
INSERT [dbo].[Students] ([StudentID], [LastName], [FirstName], [HouseID], [Year], [ElectiveOneID], [ElectiveTwoID]) VALUES (198, N'Laurel', N'Almond', 4, 7, NULL, NULL)
INSERT [dbo].[Students] ([StudentID], [LastName], [FirstName], [HouseID], [Year], [ElectiveOneID], [ElectiveTwoID]) VALUES (199, N'Pincushion', N'Aspen', 3, 2, NULL, NULL)
GO
INSERT [dbo].[Students] ([StudentID], [LastName], [FirstName], [HouseID], [Year], [ElectiveOneID], [ElectiveTwoID]) VALUES (200, N'Inkwood', N'Ember', 4, 2, NULL, NULL)
INSERT [dbo].[Students] ([StudentID], [LastName], [FirstName], [HouseID], [Year], [ElectiveOneID], [ElectiveTwoID]) VALUES (201, N'Boartusk', N'Rudy', 1, 6, NULL, NULL)
INSERT [dbo].[Students] ([StudentID], [LastName], [FirstName], [HouseID], [Year], [ElectiveOneID], [ElectiveTwoID]) VALUES (202, N'Fiddlewood', N'Kit', 1, 7, NULL, NULL)
INSERT [dbo].[Students] ([StudentID], [LastName], [FirstName], [HouseID], [Year], [ElectiveOneID], [ElectiveTwoID]) VALUES (203, N'Sow', N'Danni', 1, 1, NULL, NULL)
INSERT [dbo].[Students] ([StudentID], [LastName], [FirstName], [HouseID], [Year], [ElectiveOneID], [ElectiveTwoID]) VALUES (204, N'Jackbuck', N'Riley', 1, 6, NULL, NULL)
INSERT [dbo].[Students] ([StudentID], [LastName], [FirstName], [HouseID], [Year], [ElectiveOneID], [ElectiveTwoID]) VALUES (205, N'Silverthorn', N'Sidney', 3, 3, NULL, NULL)
INSERT [dbo].[Students] ([StudentID], [LastName], [FirstName], [HouseID], [Year], [ElectiveOneID], [ElectiveTwoID]) VALUES (206, N'Orchids', N'Orchard', 1, 2, NULL, NULL)
INSERT [dbo].[Students] ([StudentID], [LastName], [FirstName], [HouseID], [Year], [ElectiveOneID], [ElectiveTwoID]) VALUES (207, N'Chameleon', N'Cloud', 3, 6, NULL, NULL)
INSERT [dbo].[Students] ([StudentID], [LastName], [FirstName], [HouseID], [Year], [ElectiveOneID], [ElectiveTwoID]) VALUES (208, N'Marble', N'Deer', 4, 2, NULL, NULL)
INSERT [dbo].[Students] ([StudentID], [LastName], [FirstName], [HouseID], [Year], [ElectiveOneID], [ElectiveTwoID]) VALUES (209, N'Cassowary', N'Vale', 2, 7, NULL, NULL)
INSERT [dbo].[Students] ([StudentID], [LastName], [FirstName], [HouseID], [Year], [ElectiveOneID], [ElectiveTwoID]) VALUES (210, N'Strix', N'Silver', 4, 5, NULL, NULL)
INSERT [dbo].[Students] ([StudentID], [LastName], [FirstName], [HouseID], [Year], [ElectiveOneID], [ElectiveTwoID]) VALUES (211, N'Leon', N'Angel', 3, 6, NULL, NULL)
INSERT [dbo].[Students] ([StudentID], [LastName], [FirstName], [HouseID], [Year], [ElectiveOneID], [ElectiveTwoID]) VALUES (212, N'Lavender', N'Rene', 3, 4, NULL, NULL)
INSERT [dbo].[Students] ([StudentID], [LastName], [FirstName], [HouseID], [Year], [ElectiveOneID], [ElectiveTwoID]) VALUES (213, N'Cups', N'Jude', 2, 7, NULL, NULL)
INSERT [dbo].[Students] ([StudentID], [LastName], [FirstName], [HouseID], [Year], [ElectiveOneID], [ElectiveTwoID]) VALUES (214, N'Olive', N'Rowan', 3, 2, NULL, NULL)
INSERT [dbo].[Students] ([StudentID], [LastName], [FirstName], [HouseID], [Year], [ElectiveOneID], [ElectiveTwoID]) VALUES (215, N'Gulls', N'Casey', 4, 2, NULL, NULL)
INSERT [dbo].[Students] ([StudentID], [LastName], [FirstName], [HouseID], [Year], [ElectiveOneID], [ElectiveTwoID]) VALUES (216, N'Talpin', N'Raven', 1, 4, NULL, NULL)
INSERT [dbo].[Students] ([StudentID], [LastName], [FirstName], [HouseID], [Year], [ElectiveOneID], [ElectiveTwoID]) VALUES (217, N'Sow', N'Skyler', 2, 2, NULL, NULL)
INSERT [dbo].[Students] ([StudentID], [LastName], [FirstName], [HouseID], [Year], [ElectiveOneID], [ElectiveTwoID]) VALUES (218, N'Firewheel', N'Ember', 4, 7, NULL, NULL)
INSERT [dbo].[Students] ([StudentID], [LastName], [FirstName], [HouseID], [Year], [ElectiveOneID], [ElectiveTwoID]) VALUES (219, N'Fir', N'Linden', 4, 6, NULL, NULL)
INSERT [dbo].[Students] ([StudentID], [LastName], [FirstName], [HouseID], [Year], [ElectiveOneID], [ElectiveTwoID]) VALUES (220, N'Dendron', N'Lark', 1, 2, NULL, NULL)
INSERT [dbo].[Students] ([StudentID], [LastName], [FirstName], [HouseID], [Year], [ElectiveOneID], [ElectiveTwoID]) VALUES (221, N'Wattle', N'Gail', 4, 6, NULL, NULL)
INSERT [dbo].[Students] ([StudentID], [LastName], [FirstName], [HouseID], [Year], [ElectiveOneID], [ElectiveTwoID]) VALUES (222, N'Stripes', N'Justice', 2, 1, NULL, NULL)
INSERT [dbo].[Students] ([StudentID], [LastName], [FirstName], [HouseID], [Year], [ElectiveOneID], [ElectiveTwoID]) VALUES (223, N'Box', N'Jo', 2, 1, NULL, NULL)
INSERT [dbo].[Students] ([StudentID], [LastName], [FirstName], [HouseID], [Year], [ElectiveOneID], [ElectiveTwoID]) VALUES (224, N'Rivers', N'Cameron', 4, 4, NULL, NULL)
INSERT [dbo].[Students] ([StudentID], [LastName], [FirstName], [HouseID], [Year], [ElectiveOneID], [ElectiveTwoID]) VALUES (225, N'Selket', N'Carol', 4, 7, NULL, NULL)
INSERT [dbo].[Students] ([StudentID], [LastName], [FirstName], [HouseID], [Year], [ElectiveOneID], [ElectiveTwoID]) VALUES (226, N'Locket', N'Bird', 2, 2, NULL, NULL)
INSERT [dbo].[Students] ([StudentID], [LastName], [FirstName], [HouseID], [Year], [ElectiveOneID], [ElectiveTwoID]) VALUES (227, N'Stripes', N'Wren', 1, 5, NULL, NULL)
INSERT [dbo].[Students] ([StudentID], [LastName], [FirstName], [HouseID], [Year], [ElectiveOneID], [ElectiveTwoID]) VALUES (228, N'Sterling', N'Linden', 1, 7, NULL, NULL)
INSERT [dbo].[Students] ([StudentID], [LastName], [FirstName], [HouseID], [Year], [ElectiveOneID], [ElectiveTwoID]) VALUES (229, N'Antwork', N'Bird', 3, 1, NULL, NULL)
INSERT [dbo].[Students] ([StudentID], [LastName], [FirstName], [HouseID], [Year], [ElectiveOneID], [ElectiveTwoID]) VALUES (230, N'Gulls', N'Cricket', 2, 2, NULL, NULL)
INSERT [dbo].[Students] ([StudentID], [LastName], [FirstName], [HouseID], [Year], [ElectiveOneID], [ElectiveTwoID]) VALUES (231, N'Inkwell', N'Jackie', 4, 1, NULL, NULL)
INSERT [dbo].[Students] ([StudentID], [LastName], [FirstName], [HouseID], [Year], [ElectiveOneID], [ElectiveTwoID]) VALUES (232, N'Talpin', N'Jo', 1, 4, NULL, NULL)
INSERT [dbo].[Students] ([StudentID], [LastName], [FirstName], [HouseID], [Year], [ElectiveOneID], [ElectiveTwoID]) VALUES (233, N'Cubs', N'Nicky', 2, 3, NULL, NULL)
INSERT [dbo].[Students] ([StudentID], [LastName], [FirstName], [HouseID], [Year], [ElectiveOneID], [ElectiveTwoID]) VALUES (234, N'Boots', N'Jaime', 3, 5, NULL, NULL)
INSERT [dbo].[Students] ([StudentID], [LastName], [FirstName], [HouseID], [Year], [ElectiveOneID], [ElectiveTwoID]) VALUES (235, N'Raywood', N'Vic', 2, 1, NULL, NULL)
INSERT [dbo].[Students] ([StudentID], [LastName], [FirstName], [HouseID], [Year], [ElectiveOneID], [ElectiveTwoID]) VALUES (236, N'Cerbus', N'Danika', 2, 1, NULL, NULL)
INSERT [dbo].[Students] ([StudentID], [LastName], [FirstName], [HouseID], [Year], [ElectiveOneID], [ElectiveTwoID]) VALUES (237, N'Rose', N'Coriander', 1, 5, NULL, NULL)
INSERT [dbo].[Students] ([StudentID], [LastName], [FirstName], [HouseID], [Year], [ElectiveOneID], [ElectiveTwoID]) VALUES (238, N'Rosewood', N'Briar', 1, 4, NULL, NULL)
INSERT [dbo].[Students] ([StudentID], [LastName], [FirstName], [HouseID], [Year], [ElectiveOneID], [ElectiveTwoID]) VALUES (239, N'Rubble', N'Cypress', 4, 4, NULL, NULL)
INSERT [dbo].[Students] ([StudentID], [LastName], [FirstName], [HouseID], [Year], [ElectiveOneID], [ElectiveTwoID]) VALUES (240, N'Poults', N'River', 3, 2, NULL, NULL)
INSERT [dbo].[Students] ([StudentID], [LastName], [FirstName], [HouseID], [Year], [ElectiveOneID], [ElectiveTwoID]) VALUES (241, N'Prott', N'Danny', 4, 2, NULL, NULL)
INSERT [dbo].[Students] ([StudentID], [LastName], [FirstName], [HouseID], [Year], [ElectiveOneID], [ElectiveTwoID]) VALUES (242, N'Knotts', N'Ryan', 2, 3, NULL, NULL)
INSERT [dbo].[Students] ([StudentID], [LastName], [FirstName], [HouseID], [Year], [ElectiveOneID], [ElectiveTwoID]) VALUES (243, N'Appletree', N'Skyler', 3, 7, NULL, NULL)
INSERT [dbo].[Students] ([StudentID], [LastName], [FirstName], [HouseID], [Year], [ElectiveOneID], [ElectiveTwoID]) VALUES (244, N'Tadpol', N'Leigh', 4, 2, NULL, NULL)
INSERT [dbo].[Students] ([StudentID], [LastName], [FirstName], [HouseID], [Year], [ElectiveOneID], [ElectiveTwoID]) VALUES (245, N'Bullwark', N'Jackie', 1, 6, NULL, NULL)
INSERT [dbo].[Students] ([StudentID], [LastName], [FirstName], [HouseID], [Year], [ElectiveOneID], [ElectiveTwoID]) VALUES (246, N'Selpie', N'Jade', 1, 4, NULL, NULL)
INSERT [dbo].[Students] ([StudentID], [LastName], [FirstName], [HouseID], [Year], [ElectiveOneID], [ElectiveTwoID]) VALUES (247, N'Poisonwood', N'Delta', 3, 3, NULL, NULL)
INSERT [dbo].[Students] ([StudentID], [LastName], [FirstName], [HouseID], [Year], [ElectiveOneID], [ElectiveTwoID]) VALUES (248, N'Cerbus', N'Glenn', 3, 4, NULL, NULL)
INSERT [dbo].[Students] ([StudentID], [LastName], [FirstName], [HouseID], [Year], [ElectiveOneID], [ElectiveTwoID]) VALUES (249, N'Dime', N'Aspen', 3, 5, NULL, NULL)
INSERT [dbo].[Students] ([StudentID], [LastName], [FirstName], [HouseID], [Year], [ElectiveOneID], [ElectiveTwoID]) VALUES (250, N'Graytwig', N'Aster', 2, 2, NULL, NULL)
INSERT [dbo].[Students] ([StudentID], [LastName], [FirstName], [HouseID], [Year], [ElectiveOneID], [ElectiveTwoID]) VALUES (251, N'Ambarella', N'Silver', 2, 3, NULL, NULL)
INSERT [dbo].[Students] ([StudentID], [LastName], [FirstName], [HouseID], [Year], [ElectiveOneID], [ElectiveTwoID]) VALUES (252, N'Boots', N'River', 1, 3, NULL, NULL)
INSERT [dbo].[Students] ([StudentID], [LastName], [FirstName], [HouseID], [Year], [ElectiveOneID], [ElectiveTwoID]) VALUES (253, N'Pineneedle', N'Lane', 1, 2, NULL, NULL)
INSERT [dbo].[Students] ([StudentID], [LastName], [FirstName], [HouseID], [Year], [ElectiveOneID], [ElectiveTwoID]) VALUES (254, N'Lillypilly', N'Mason', 4, 3, NULL, NULL)
INSERT [dbo].[Students] ([StudentID], [LastName], [FirstName], [HouseID], [Year], [ElectiveOneID], [ElectiveTwoID]) VALUES (255, N'Sweaters', N'Silver', 3, 2, NULL, NULL)
INSERT [dbo].[Students] ([StudentID], [LastName], [FirstName], [HouseID], [Year], [ElectiveOneID], [ElectiveTwoID]) VALUES (256, N'Horsetail', N'Deer', 2, 2, NULL, NULL)
INSERT [dbo].[Students] ([StudentID], [LastName], [FirstName], [HouseID], [Year], [ElectiveOneID], [ElectiveTwoID]) VALUES (257, N'Cerbus', N'Oak', 1, 4, NULL, NULL)
INSERT [dbo].[Students] ([StudentID], [LastName], [FirstName], [HouseID], [Year], [ElectiveOneID], [ElectiveTwoID]) VALUES (258, N'Lyptus', N'Pine', 4, 1, NULL, NULL)
INSERT [dbo].[Students] ([StudentID], [LastName], [FirstName], [HouseID], [Year], [ElectiveOneID], [ElectiveTwoID]) VALUES (259, N'Coyota', N'Dale', 2, 7, NULL, NULL)
INSERT [dbo].[Students] ([StudentID], [LastName], [FirstName], [HouseID], [Year], [ElectiveOneID], [ElectiveTwoID]) VALUES (260, N'Gnats', N'Sky', 3, 2, NULL, NULL)
INSERT [dbo].[Students] ([StudentID], [LastName], [FirstName], [HouseID], [Year], [ElectiveOneID], [ElectiveTwoID]) VALUES (261, N'Pinescrew', N'Brett', 4, 2, NULL, NULL)
INSERT [dbo].[Students] ([StudentID], [LastName], [FirstName], [HouseID], [Year], [ElectiveOneID], [ElectiveTwoID]) VALUES (262, N'Marble', N'Danni', 1, 6, NULL, NULL)
INSERT [dbo].[Students] ([StudentID], [LastName], [FirstName], [HouseID], [Year], [ElectiveOneID], [ElectiveTwoID]) VALUES (263, N'Ganders', N'Ray', 4, 1, NULL, NULL)
INSERT [dbo].[Students] ([StudentID], [LastName], [FirstName], [HouseID], [Year], [ElectiveOneID], [ElectiveTwoID]) VALUES (264, N'Doe', N'Jamie', 1, 6, NULL, NULL)
INSERT [dbo].[Students] ([StudentID], [LastName], [FirstName], [HouseID], [Year], [ElectiveOneID], [ElectiveTwoID]) VALUES (265, N'Antwork', N'Danny', 2, 7, NULL, NULL)
INSERT [dbo].[Students] ([StudentID], [LastName], [FirstName], [HouseID], [Year], [ElectiveOneID], [ElectiveTwoID]) VALUES (266, N'Clockwork', N'Shadow', 1, 6, NULL, NULL)
INSERT [dbo].[Students] ([StudentID], [LastName], [FirstName], [HouseID], [Year], [ElectiveOneID], [ElectiveTwoID]) VALUES (267, N'Capricorn', N'Sage', 3, 7, NULL, NULL)
INSERT [dbo].[Students] ([StudentID], [LastName], [FirstName], [HouseID], [Year], [ElectiveOneID], [ElectiveTwoID]) VALUES (268, N'Dovetail', N'Coriander', 4, 4, NULL, NULL)
INSERT [dbo].[Students] ([StudentID], [LastName], [FirstName], [HouseID], [Year], [ElectiveOneID], [ElectiveTwoID]) VALUES (269, N'Medlar', N'Brier', 4, 6, NULL, NULL)
INSERT [dbo].[Students] ([StudentID], [LastName], [FirstName], [HouseID], [Year], [ElectiveOneID], [ElectiveTwoID]) VALUES (270, N'Wolfs', N'Clay', 4, 6, NULL, NULL)
INSERT [dbo].[Students] ([StudentID], [LastName], [FirstName], [HouseID], [Year], [ElectiveOneID], [ElectiveTwoID]) VALUES (271, N'Oakwood', N'Skyler', 1, 4, NULL, NULL)
INSERT [dbo].[Students] ([StudentID], [LastName], [FirstName], [HouseID], [Year], [ElectiveOneID], [ElectiveTwoID]) VALUES (272, N'Clockwork', N'Reggie', 1, 2, NULL, NULL)
INSERT [dbo].[Students] ([StudentID], [LastName], [FirstName], [HouseID], [Year], [ElectiveOneID], [ElectiveTwoID]) VALUES (273, N'Stinkwood', N'River', 1, 1, NULL, NULL)
INSERT [dbo].[Students] ([StudentID], [LastName], [FirstName], [HouseID], [Year], [ElectiveOneID], [ElectiveTwoID]) VALUES (274, N'Buckthorn', N'Kerry', 3, 2, NULL, NULL)
INSERT [dbo].[Students] ([StudentID], [LastName], [FirstName], [HouseID], [Year], [ElectiveOneID], [ElectiveTwoID]) VALUES (275, N'Reynards', N'Terry', 2, 6, NULL, NULL)
INSERT [dbo].[Students] ([StudentID], [LastName], [FirstName], [HouseID], [Year], [ElectiveOneID], [ElectiveTwoID]) VALUES (276, N'Ferret', N'Blair', 4, 2, NULL, NULL)
INSERT [dbo].[Students] ([StudentID], [LastName], [FirstName], [HouseID], [Year], [ElectiveOneID], [ElectiveTwoID]) VALUES (277, N'Boartusk', N'Thyme', 4, 5, NULL, NULL)
INSERT [dbo].[Students] ([StudentID], [LastName], [FirstName], [HouseID], [Year], [ElectiveOneID], [ElectiveTwoID]) VALUES (278, N'Gears', N'Breeze', 1, 5, NULL, NULL)
INSERT [dbo].[Students] ([StudentID], [LastName], [FirstName], [HouseID], [Year], [ElectiveOneID], [ElectiveTwoID]) VALUES (279, N'Sparks', N'Ember', 1, 1, NULL, NULL)
INSERT [dbo].[Students] ([StudentID], [LastName], [FirstName], [HouseID], [Year], [ElectiveOneID], [ElectiveTwoID]) VALUES (280, N'Chameleon', N'Laurel', 4, 5, NULL, NULL)
INSERT [dbo].[Students] ([StudentID], [LastName], [FirstName], [HouseID], [Year], [ElectiveOneID], [ElectiveTwoID]) VALUES (281, N'Phoenix', N'Hayden', 4, 2, NULL, NULL)
INSERT [dbo].[Students] ([StudentID], [LastName], [FirstName], [HouseID], [Year], [ElectiveOneID], [ElectiveTwoID]) VALUES (282, N'Lambkins', N'Jo', 2, 6, NULL, NULL)
INSERT [dbo].[Students] ([StudentID], [LastName], [FirstName], [HouseID], [Year], [ElectiveOneID], [ElectiveTwoID]) VALUES (283, N'Poults', N'Terry', 1, 1, NULL, NULL)
INSERT [dbo].[Students] ([StudentID], [LastName], [FirstName], [HouseID], [Year], [ElectiveOneID], [ElectiveTwoID]) VALUES (284, N'Foxglove', N'Mell', 2, 4, NULL, NULL)
INSERT [dbo].[Students] ([StudentID], [LastName], [FirstName], [HouseID], [Year], [ElectiveOneID], [ElectiveTwoID]) VALUES (285, N'Grace', N'Jackie', 3, 7, NULL, NULL)
INSERT [dbo].[Students] ([StudentID], [LastName], [FirstName], [HouseID], [Year], [ElectiveOneID], [ElectiveTwoID]) VALUES (286, N'Nightmare', N'Clove', 3, 4, NULL, NULL)
INSERT [dbo].[Students] ([StudentID], [LastName], [FirstName], [HouseID], [Year], [ElectiveOneID], [ElectiveTwoID]) VALUES (287, N'Conifer', N'River', 2, 7, NULL, NULL)
INSERT [dbo].[Students] ([StudentID], [LastName], [FirstName], [HouseID], [Year], [ElectiveOneID], [ElectiveTwoID]) VALUES (288, N'Gooseberry', N'Ice', 2, 7, NULL, NULL)
INSERT [dbo].[Students] ([StudentID], [LastName], [FirstName], [HouseID], [Year], [ElectiveOneID], [ElectiveTwoID]) VALUES (289, N'Sweetleaf', N'Sable', 2, 3, NULL, NULL)
INSERT [dbo].[Students] ([StudentID], [LastName], [FirstName], [HouseID], [Year], [ElectiveOneID], [ElectiveTwoID]) VALUES (290, N'Fiddlesticks', N'Winter', 2, 3, NULL, NULL)
INSERT [dbo].[Students] ([StudentID], [LastName], [FirstName], [HouseID], [Year], [ElectiveOneID], [ElectiveTwoID]) VALUES (291, N'Mitten', N'Lynn', 3, 1, NULL, NULL)
INSERT [dbo].[Students] ([StudentID], [LastName], [FirstName], [HouseID], [Year], [ElectiveOneID], [ElectiveTwoID]) VALUES (292, N'Gulls', N'Glenn', 1, 2, NULL, NULL)
INSERT [dbo].[Students] ([StudentID], [LastName], [FirstName], [HouseID], [Year], [ElectiveOneID], [ElectiveTwoID]) VALUES (293, N'Cross', N'River', 3, 7, NULL, NULL)
INSERT [dbo].[Students] ([StudentID], [LastName], [FirstName], [HouseID], [Year], [ElectiveOneID], [ElectiveTwoID]) VALUES (294, N'Kelpis', N'Sammy', 2, 2, NULL, NULL)
INSERT [dbo].[Students] ([StudentID], [LastName], [FirstName], [HouseID], [Year], [ElectiveOneID], [ElectiveTwoID]) VALUES (295, N'Drake', N'Silver', 4, 2, NULL, NULL)
INSERT [dbo].[Students] ([StudentID], [LastName], [FirstName], [HouseID], [Year], [ElectiveOneID], [ElectiveTwoID]) VALUES (296, N'Kelpis', N'Lark', 1, 2, NULL, NULL)
INSERT [dbo].[Students] ([StudentID], [LastName], [FirstName], [HouseID], [Year], [ElectiveOneID], [ElectiveTwoID]) VALUES (297, N'Slumber', N'Pine', 4, 6, NULL, NULL)
INSERT [dbo].[Students] ([StudentID], [LastName], [FirstName], [HouseID], [Year], [ElectiveOneID], [ElectiveTwoID]) VALUES (298, N'Strix', N'Linden', 4, 3, NULL, NULL)
INSERT [dbo].[Students] ([StudentID], [LastName], [FirstName], [HouseID], [Year], [ElectiveOneID], [ElectiveTwoID]) VALUES (299, N'Riddle', N'Bird', 4, 6, NULL, NULL)
GO
INSERT [dbo].[Students] ([StudentID], [LastName], [FirstName], [HouseID], [Year], [ElectiveOneID], [ElectiveTwoID]) VALUES (300, N'Plums', N'Sage', 2, 6, NULL, NULL)
INSERT [dbo].[Students] ([StudentID], [LastName], [FirstName], [HouseID], [Year], [ElectiveOneID], [ElectiveTwoID]) VALUES (301, N'Tauris', N'Jordan', 2, 4, NULL, NULL)
INSERT [dbo].[Students] ([StudentID], [LastName], [FirstName], [HouseID], [Year], [ElectiveOneID], [ElectiveTwoID]) VALUES (302, N'Minks', N'Casey', 2, 6, NULL, NULL)
INSERT [dbo].[Students] ([StudentID], [LastName], [FirstName], [HouseID], [Year], [ElectiveOneID], [ElectiveTwoID]) VALUES (303, N'Gold', N'Rowan', 2, 1, NULL, NULL)
INSERT [dbo].[Students] ([StudentID], [LastName], [FirstName], [HouseID], [Year], [ElectiveOneID], [ElectiveTwoID]) VALUES (304, N'Oleander', N'Hayden', 3, 1, NULL, NULL)
INSERT [dbo].[Students] ([StudentID], [LastName], [FirstName], [HouseID], [Year], [ElectiveOneID], [ElectiveTwoID]) VALUES (305, N'Chalks', N'Avery', 4, 3, NULL, NULL)
INSERT [dbo].[Students] ([StudentID], [LastName], [FirstName], [HouseID], [Year], [ElectiveOneID], [ElectiveTwoID]) VALUES (306, N'Sweaters', N'Almond', 4, 1, NULL, NULL)
INSERT [dbo].[Students] ([StudentID], [LastName], [FirstName], [HouseID], [Year], [ElectiveOneID], [ElectiveTwoID]) VALUES (307, N'Blackjack', N'Mango', 4, 2, NULL, NULL)
INSERT [dbo].[Students] ([StudentID], [LastName], [FirstName], [HouseID], [Year], [ElectiveOneID], [ElectiveTwoID]) VALUES (308, N'Firethron', N'Shale', 2, 7, NULL, NULL)
INSERT [dbo].[Students] ([StudentID], [LastName], [FirstName], [HouseID], [Year], [ElectiveOneID], [ElectiveTwoID]) VALUES (309, N'Bricks', N'Mango', 1, 2, NULL, NULL)
INSERT [dbo].[Students] ([StudentID], [LastName], [FirstName], [HouseID], [Year], [ElectiveOneID], [ElectiveTwoID]) VALUES (310, N'Myrtle', N'Fennel', 1, 3, NULL, NULL)
INSERT [dbo].[Students] ([StudentID], [LastName], [FirstName], [HouseID], [Year], [ElectiveOneID], [ElectiveTwoID]) VALUES (311, N'Codde', N'Caden', 2, 7, NULL, NULL)
INSERT [dbo].[Students] ([StudentID], [LastName], [FirstName], [HouseID], [Year], [ElectiveOneID], [ElectiveTwoID]) VALUES (312, N'Silverthorn', N'Blair', 1, 3, NULL, NULL)
INSERT [dbo].[Students] ([StudentID], [LastName], [FirstName], [HouseID], [Year], [ElectiveOneID], [ElectiveTwoID]) VALUES (313, N'Spindlewheel', N'Logan', 3, 1, NULL, NULL)
INSERT [dbo].[Students] ([StudentID], [LastName], [FirstName], [HouseID], [Year], [ElectiveOneID], [ElectiveTwoID]) VALUES (314, N'Crooks', N'Frankie', 3, 2, NULL, NULL)
INSERT [dbo].[Students] ([StudentID], [LastName], [FirstName], [HouseID], [Year], [ElectiveOneID], [ElectiveTwoID]) VALUES (315, N'Partridge', N'Bret', 2, 2, NULL, NULL)
INSERT [dbo].[Students] ([StudentID], [LastName], [FirstName], [HouseID], [Year], [ElectiveOneID], [ElectiveTwoID]) VALUES (316, N'Fauns', N'Raven', 3, 6, NULL, NULL)
INSERT [dbo].[Students] ([StudentID], [LastName], [FirstName], [HouseID], [Year], [ElectiveOneID], [ElectiveTwoID]) VALUES (317, N'Tadpole', N'Dakota', 2, 2, NULL, NULL)
INSERT [dbo].[Students] ([StudentID], [LastName], [FirstName], [HouseID], [Year], [ElectiveOneID], [ElectiveTwoID]) VALUES (318, N'Silverberry', N'Arum', 4, 2, NULL, NULL)
INSERT [dbo].[Students] ([StudentID], [LastName], [FirstName], [HouseID], [Year], [ElectiveOneID], [ElectiveTwoID]) VALUES (319, N'Sterling', N'Bird', 1, 4, NULL, NULL)
INSERT [dbo].[Students] ([StudentID], [LastName], [FirstName], [HouseID], [Year], [ElectiveOneID], [ElectiveTwoID]) VALUES (320, N'Night', N'Clay', 1, 1, NULL, NULL)
INSERT [dbo].[Students] ([StudentID], [LastName], [FirstName], [HouseID], [Year], [ElectiveOneID], [ElectiveTwoID]) VALUES (321, N'Laurel', N'Emerson', 1, 7, NULL, NULL)
INSERT [dbo].[Students] ([StudentID], [LastName], [FirstName], [HouseID], [Year], [ElectiveOneID], [ElectiveTwoID]) VALUES (322, N'Cork', N'Frankie', 2, 4, NULL, NULL)
INSERT [dbo].[Students] ([StudentID], [LastName], [FirstName], [HouseID], [Year], [ElectiveOneID], [ElectiveTwoID]) VALUES (323, N'Magpie', N'Rory', 4, 4, NULL, NULL)
INSERT [dbo].[Students] ([StudentID], [LastName], [FirstName], [HouseID], [Year], [ElectiveOneID], [ElectiveTwoID]) VALUES (324, N'Bullwark', N'Steff', 3, 2, NULL, NULL)
INSERT [dbo].[Students] ([StudentID], [LastName], [FirstName], [HouseID], [Year], [ElectiveOneID], [ElectiveTwoID]) VALUES (325, N'Arbutus', N'Kerry', 1, 6, NULL, NULL)
INSERT [dbo].[Students] ([StudentID], [LastName], [FirstName], [HouseID], [Year], [ElectiveOneID], [ElectiveTwoID]) VALUES (326, N'Strix', N'Oak', 3, 1, NULL, NULL)
INSERT [dbo].[Students] ([StudentID], [LastName], [FirstName], [HouseID], [Year], [ElectiveOneID], [ElectiveTwoID]) VALUES (327, N'Sterling', N'Thyme', 1, 4, NULL, NULL)
INSERT [dbo].[Students] ([StudentID], [LastName], [FirstName], [HouseID], [Year], [ElectiveOneID], [ElectiveTwoID]) VALUES (328, N'Smallflower', N'Dew', 3, 1, NULL, NULL)
INSERT [dbo].[Students] ([StudentID], [LastName], [FirstName], [HouseID], [Year], [ElectiveOneID], [ElectiveTwoID]) VALUES (329, N'Fauns', N'Rain', 1, 6, NULL, NULL)
INSERT [dbo].[Students] ([StudentID], [LastName], [FirstName], [HouseID], [Year], [ElectiveOneID], [ElectiveTwoID]) VALUES (330, N'Passel', N'Orchard', 2, 6, NULL, NULL)
INSERT [dbo].[Students] ([StudentID], [LastName], [FirstName], [HouseID], [Year], [ElectiveOneID], [ElectiveTwoID]) VALUES (331, N'Rich', N'Gale', 3, 3, NULL, NULL)
INSERT [dbo].[Students] ([StudentID], [LastName], [FirstName], [HouseID], [Year], [ElectiveOneID], [ElectiveTwoID]) VALUES (332, N'Cork', N'Kiran', 3, 2, NULL, NULL)
INSERT [dbo].[Students] ([StudentID], [LastName], [FirstName], [HouseID], [Year], [ElectiveOneID], [ElectiveTwoID]) VALUES (333, N'Heron', N'Jude', 1, 4, NULL, NULL)
INSERT [dbo].[Students] ([StudentID], [LastName], [FirstName], [HouseID], [Year], [ElectiveOneID], [ElectiveTwoID]) VALUES (334, N'Box', N'Casey', 1, 6, NULL, NULL)
INSERT [dbo].[Students] ([StudentID], [LastName], [FirstName], [HouseID], [Year], [ElectiveOneID], [ElectiveTwoID]) VALUES (335, N'Mallow', N'Ali', 4, 2, NULL, NULL)
INSERT [dbo].[Students] ([StudentID], [LastName], [FirstName], [HouseID], [Year], [ElectiveOneID], [ElectiveTwoID]) VALUES (336, N'Raywood', N'Indigo', 2, 7, NULL, NULL)
INSERT [dbo].[Students] ([StudentID], [LastName], [FirstName], [HouseID], [Year], [ElectiveOneID], [ElectiveTwoID]) VALUES (337, N'Crane', N'Angel', 4, 3, NULL, NULL)
INSERT [dbo].[Students] ([StudentID], [LastName], [FirstName], [HouseID], [Year], [ElectiveOneID], [ElectiveTwoID]) VALUES (338, N'Inkwood', N'Dakota', 4, 3, NULL, NULL)
INSERT [dbo].[Students] ([StudentID], [LastName], [FirstName], [HouseID], [Year], [ElectiveOneID], [ElectiveTwoID]) VALUES (339, N'Dogbane', N'Lark', 1, 5, NULL, NULL)
INSERT [dbo].[Students] ([StudentID], [LastName], [FirstName], [HouseID], [Year], [ElectiveOneID], [ElectiveTwoID]) VALUES (340, N'Copper', N'Oleander', 2, 7, NULL, NULL)
INSERT [dbo].[Students] ([StudentID], [LastName], [FirstName], [HouseID], [Year], [ElectiveOneID], [ElectiveTwoID]) VALUES (341, N'Holly', N'Emerson', 4, 1, NULL, NULL)
INSERT [dbo].[Students] ([StudentID], [LastName], [FirstName], [HouseID], [Year], [ElectiveOneID], [ElectiveTwoID]) VALUES (342, N'Caprine', N'Jo', 4, 1, NULL, NULL)
INSERT [dbo].[Students] ([StudentID], [LastName], [FirstName], [HouseID], [Year], [ElectiveOneID], [ElectiveTwoID]) VALUES (343, N'Hedge', N'Jamie', 4, 7, NULL, NULL)
INSERT [dbo].[Students] ([StudentID], [LastName], [FirstName], [HouseID], [Year], [ElectiveOneID], [ElectiveTwoID]) VALUES (344, N'Passel', N'Billy', 4, 3, NULL, NULL)
INSERT [dbo].[Students] ([StudentID], [LastName], [FirstName], [HouseID], [Year], [ElectiveOneID], [ElectiveTwoID]) VALUES (345, N'Juniper', N'Haiden', 4, 1, NULL, NULL)
INSERT [dbo].[Students] ([StudentID], [LastName], [FirstName], [HouseID], [Year], [ElectiveOneID], [ElectiveTwoID]) VALUES (346, N'Codde', N'Stormy', 1, 6, NULL, NULL)
INSERT [dbo].[Students] ([StudentID], [LastName], [FirstName], [HouseID], [Year], [ElectiveOneID], [ElectiveTwoID]) VALUES (347, N'Hawthorn', N'Reed', 4, 1, NULL, NULL)
INSERT [dbo].[Students] ([StudentID], [LastName], [FirstName], [HouseID], [Year], [ElectiveOneID], [ElectiveTwoID]) VALUES (348, N'Holly', N'Fen', 3, 6, NULL, NULL)
INSERT [dbo].[Students] ([StudentID], [LastName], [FirstName], [HouseID], [Year], [ElectiveOneID], [ElectiveTwoID]) VALUES (349, N'Cross', N'Aster', 1, 7, NULL, NULL)
INSERT [dbo].[Students] ([StudentID], [LastName], [FirstName], [HouseID], [Year], [ElectiveOneID], [ElectiveTwoID]) VALUES (350, N'Pineneedle', N'Brooke', 4, 6, NULL, NULL)
INSERT [dbo].[Students] ([StudentID], [LastName], [FirstName], [HouseID], [Year], [ElectiveOneID], [ElectiveTwoID]) VALUES (351, N'Dendron', N'Denny', 4, 1, NULL, NULL)
INSERT [dbo].[Students] ([StudentID], [LastName], [FirstName], [HouseID], [Year], [ElectiveOneID], [ElectiveTwoID]) VALUES (352, N'Catts', N'Danny', 2, 1, NULL, NULL)
INSERT [dbo].[Students] ([StudentID], [LastName], [FirstName], [HouseID], [Year], [ElectiveOneID], [ElectiveTwoID]) VALUES (353, N'Salmander', N'Phoenix', 4, 3, NULL, NULL)
INSERT [dbo].[Students] ([StudentID], [LastName], [FirstName], [HouseID], [Year], [ElectiveOneID], [ElectiveTwoID]) VALUES (354, N'Gold', N'Ali', 4, 1, NULL, NULL)
INSERT [dbo].[Students] ([StudentID], [LastName], [FirstName], [HouseID], [Year], [ElectiveOneID], [ElectiveTwoID]) VALUES (355, N'Conebush', N'Drew', 2, 6, NULL, NULL)
INSERT [dbo].[Students] ([StudentID], [LastName], [FirstName], [HouseID], [Year], [ElectiveOneID], [ElectiveTwoID]) VALUES (356, N'Mitten', N'Pepper', 1, 7, NULL, NULL)
INSERT [dbo].[Students] ([StudentID], [LastName], [FirstName], [HouseID], [Year], [ElectiveOneID], [ElectiveTwoID]) VALUES (357, N'Harpis', N'Clay', 1, 3, NULL, NULL)
INSERT [dbo].[Students] ([StudentID], [LastName], [FirstName], [HouseID], [Year], [ElectiveOneID], [ElectiveTwoID]) VALUES (358, N'Nightingale', N'Pepper', 2, 4, NULL, NULL)
INSERT [dbo].[Students] ([StudentID], [LastName], [FirstName], [HouseID], [Year], [ElectiveOneID], [ElectiveTwoID]) VALUES (359, N'Foxglove', N'Winter', 4, 1, NULL, NULL)
INSERT [dbo].[Students] ([StudentID], [LastName], [FirstName], [HouseID], [Year], [ElectiveOneID], [ElectiveTwoID]) VALUES (360, N'Logg', N'Avis', 2, 1, NULL, NULL)
INSERT [dbo].[Students] ([StudentID], [LastName], [FirstName], [HouseID], [Year], [ElectiveOneID], [ElectiveTwoID]) VALUES (361, N'Pinescrew', N'Ryan', 2, 4, NULL, NULL)
INSERT [dbo].[Students] ([StudentID], [LastName], [FirstName], [HouseID], [Year], [ElectiveOneID], [ElectiveTwoID]) VALUES (362, N'Night', N'Mason', 4, 5, NULL, NULL)
INSERT [dbo].[Students] ([StudentID], [LastName], [FirstName], [HouseID], [Year], [ElectiveOneID], [ElectiveTwoID]) VALUES (363, N'Cribbe', N'Rudy', 1, 6, NULL, NULL)
INSERT [dbo].[Students] ([StudentID], [LastName], [FirstName], [HouseID], [Year], [ElectiveOneID], [ElectiveTwoID]) VALUES (364, N'Felide', N'Franky', 1, 4, NULL, NULL)
INSERT [dbo].[Students] ([StudentID], [LastName], [FirstName], [HouseID], [Year], [ElectiveOneID], [ElectiveTwoID]) VALUES (365, N'Passel', N'Marley', 1, 3, NULL, NULL)
INSERT [dbo].[Students] ([StudentID], [LastName], [FirstName], [HouseID], [Year], [ElectiveOneID], [ElectiveTwoID]) VALUES (366, N'Firethron', N'Breeze', 4, 2, NULL, NULL)
INSERT [dbo].[Students] ([StudentID], [LastName], [FirstName], [HouseID], [Year], [ElectiveOneID], [ElectiveTwoID]) VALUES (367, N'Catts', N'Ember', 4, 5, NULL, NULL)
INSERT [dbo].[Students] ([StudentID], [LastName], [FirstName], [HouseID], [Year], [ElectiveOneID], [ElectiveTwoID]) VALUES (368, N'Feather', N'Rhine', 2, 7, NULL, NULL)
INSERT [dbo].[Students] ([StudentID], [LastName], [FirstName], [HouseID], [Year], [ElectiveOneID], [ElectiveTwoID]) VALUES (369, N'Hedge', N'Fennel', 3, 2, NULL, NULL)
INSERT [dbo].[Students] ([StudentID], [LastName], [FirstName], [HouseID], [Year], [ElectiveOneID], [ElectiveTwoID]) VALUES (370, N'Mitten', N'Briar', 1, 6, NULL, NULL)
INSERT [dbo].[Students] ([StudentID], [LastName], [FirstName], [HouseID], [Year], [ElectiveOneID], [ElectiveTwoID]) VALUES (371, N'Fenrin', N'Reggie', 4, 2, NULL, NULL)
INSERT [dbo].[Students] ([StudentID], [LastName], [FirstName], [HouseID], [Year], [ElectiveOneID], [ElectiveTwoID]) VALUES (372, N'Passel', N'Marley', 4, 5, NULL, NULL)
INSERT [dbo].[Students] ([StudentID], [LastName], [FirstName], [HouseID], [Year], [ElectiveOneID], [ElectiveTwoID]) VALUES (373, N'Firewheel', N'Caden', 3, 4, NULL, NULL)
INSERT [dbo].[Students] ([StudentID], [LastName], [FirstName], [HouseID], [Year], [ElectiveOneID], [ElectiveTwoID]) VALUES (374, N'Spindle', N'Ryan', 4, 4, NULL, NULL)
INSERT [dbo].[Students] ([StudentID], [LastName], [FirstName], [HouseID], [Year], [ElectiveOneID], [ElectiveTwoID]) VALUES (375, N'Vixen', N'Vic', 4, 6, NULL, NULL)
INSERT [dbo].[Students] ([StudentID], [LastName], [FirstName], [HouseID], [Year], [ElectiveOneID], [ElectiveTwoID]) VALUES (376, N'Yetis', N'Laurel', 4, 5, NULL, NULL)
INSERT [dbo].[Students] ([StudentID], [LastName], [FirstName], [HouseID], [Year], [ElectiveOneID], [ElectiveTwoID]) VALUES (377, N'Caprine', N'Brooks', 4, 7, NULL, NULL)
INSERT [dbo].[Students] ([StudentID], [LastName], [FirstName], [HouseID], [Year], [ElectiveOneID], [ElectiveTwoID]) VALUES (378, N'Crabapple', N'Fern', 4, 4, NULL, NULL)
INSERT [dbo].[Students] ([StudentID], [LastName], [FirstName], [HouseID], [Year], [ElectiveOneID], [ElectiveTwoID]) VALUES (379, N'Ironbark', N'Dusty', 2, 4, NULL, NULL)
INSERT [dbo].[Students] ([StudentID], [LastName], [FirstName], [HouseID], [Year], [ElectiveOneID], [ElectiveTwoID]) VALUES (380, N'Soots', N'Crescent', 4, 6, NULL, NULL)
INSERT [dbo].[Students] ([StudentID], [LastName], [FirstName], [HouseID], [Year], [ElectiveOneID], [ElectiveTwoID]) VALUES (381, N'Foxglove', N'Bailey', 1, 7, NULL, NULL)
INSERT [dbo].[Students] ([StudentID], [LastName], [FirstName], [HouseID], [Year], [ElectiveOneID], [ElectiveTwoID]) VALUES (382, N'Boartusk', N'Carol', 1, 1, NULL, NULL)
INSERT [dbo].[Students] ([StudentID], [LastName], [FirstName], [HouseID], [Year], [ElectiveOneID], [ElectiveTwoID]) VALUES (383, N'Selket', N'Gene', 4, 6, NULL, NULL)
INSERT [dbo].[Students] ([StudentID], [LastName], [FirstName], [HouseID], [Year], [ElectiveOneID], [ElectiveTwoID]) VALUES (384, N'Loriss', N'Jamie', 2, 4, NULL, NULL)
INSERT [dbo].[Students] ([StudentID], [LastName], [FirstName], [HouseID], [Year], [ElectiveOneID], [ElectiveTwoID]) VALUES (385, N'Buckling', N'Morgan', 3, 5, NULL, NULL)
INSERT [dbo].[Students] ([StudentID], [LastName], [FirstName], [HouseID], [Year], [ElectiveOneID], [ElectiveTwoID]) VALUES (386, N'Craft', N'Marin', 1, 5, NULL, NULL)
INSERT [dbo].[Students] ([StudentID], [LastName], [FirstName], [HouseID], [Year], [ElectiveOneID], [ElectiveTwoID]) VALUES (387, N'Asp', N'Sage', 1, 4, NULL, NULL)
INSERT [dbo].[Students] ([StudentID], [LastName], [FirstName], [HouseID], [Year], [ElectiveOneID], [ElectiveTwoID]) VALUES (388, N'Leveret', N'Dewy', 1, 4, NULL, NULL)
INSERT [dbo].[Students] ([StudentID], [LastName], [FirstName], [HouseID], [Year], [ElectiveOneID], [ElectiveTwoID]) VALUES (389, N'Feather', N'Glen', 4, 1, NULL, NULL)
INSERT [dbo].[Students] ([StudentID], [LastName], [FirstName], [HouseID], [Year], [ElectiveOneID], [ElectiveTwoID]) VALUES (390, N'Dovetail', N'Gideon', 3, 6, NULL, NULL)
INSERT [dbo].[Students] ([StudentID], [LastName], [FirstName], [HouseID], [Year], [ElectiveOneID], [ElectiveTwoID]) VALUES (391, N'Bucks', N'Bailey', 3, 6, NULL, NULL)
INSERT [dbo].[Students] ([StudentID], [LastName], [FirstName], [HouseID], [Year], [ElectiveOneID], [ElectiveTwoID]) VALUES (392, N'Ibex', N'Carol', 2, 7, NULL, NULL)
INSERT [dbo].[Students] ([StudentID], [LastName], [FirstName], [HouseID], [Year], [ElectiveOneID], [ElectiveTwoID]) VALUES (393, N'Flower', N'Quinn', 1, 1, NULL, NULL)
INSERT [dbo].[Students] ([StudentID], [LastName], [FirstName], [HouseID], [Year], [ElectiveOneID], [ElectiveTwoID]) VALUES (394, N'Wattle', N'Carmen', 4, 6, NULL, NULL)
INSERT [dbo].[Students] ([StudentID], [LastName], [FirstName], [HouseID], [Year], [ElectiveOneID], [ElectiveTwoID]) VALUES (395, N'Everglade', N'Drew', 1, 4, NULL, NULL)
INSERT [dbo].[Students] ([StudentID], [LastName], [FirstName], [HouseID], [Year], [ElectiveOneID], [ElectiveTwoID]) VALUES (396, N'Aves', N'Cricket', 4, 6, NULL, NULL)
INSERT [dbo].[Students] ([StudentID], [LastName], [FirstName], [HouseID], [Year], [ElectiveOneID], [ElectiveTwoID]) VALUES (397, N'Wattle', N'Bayou', 1, 5, NULL, NULL)
INSERT [dbo].[Students] ([StudentID], [LastName], [FirstName], [HouseID], [Year], [ElectiveOneID], [ElectiveTwoID]) VALUES (398, N'Littletree', N'Cricket', 4, 5, NULL, NULL)
INSERT [dbo].[Students] ([StudentID], [LastName], [FirstName], [HouseID], [Year], [ElectiveOneID], [ElectiveTwoID]) VALUES (399, N'Smallflower', N'Sol', 1, 4, NULL, NULL)
GO
INSERT [dbo].[Students] ([StudentID], [LastName], [FirstName], [HouseID], [Year], [ElectiveOneID], [ElectiveTwoID]) VALUES (400, N'Tadpole', N'Elm', 3, 1, NULL, NULL)
INSERT [dbo].[Students] ([StudentID], [LastName], [FirstName], [HouseID], [Year], [ElectiveOneID], [ElectiveTwoID]) VALUES (401, N'Buckthorn', N'Jody', 4, 6, NULL, NULL)
INSERT [dbo].[Students] ([StudentID], [LastName], [FirstName], [HouseID], [Year], [ElectiveOneID], [ElectiveTwoID]) VALUES (402, N'Cobris', N'Maddox', 2, 2, NULL, NULL)
INSERT [dbo].[Students] ([StudentID], [LastName], [FirstName], [HouseID], [Year], [ElectiveOneID], [ElectiveTwoID]) VALUES (403, N'Cygnet', N'Addison', 1, 2, NULL, NULL)
INSERT [dbo].[Students] ([StudentID], [LastName], [FirstName], [HouseID], [Year], [ElectiveOneID], [ElectiveTwoID]) VALUES (404, N'Quilt', N'Morgan', 3, 5, NULL, NULL)
INSERT [dbo].[Students] ([StudentID], [LastName], [FirstName], [HouseID], [Year], [ElectiveOneID], [ElectiveTwoID]) VALUES (405, N'Roc', N'Kerry', 4, 7, NULL, NULL)
INSERT [dbo].[Students] ([StudentID], [LastName], [FirstName], [HouseID], [Year], [ElectiveOneID], [ElectiveTwoID]) VALUES (406, N'Fairy', N'Mango', 3, 1, NULL, NULL)
INSERT [dbo].[Students] ([StudentID], [LastName], [FirstName], [HouseID], [Year], [ElectiveOneID], [ElectiveTwoID]) VALUES (407, N'Striker', N'Sterling', 2, 1, NULL, NULL)
INSERT [dbo].[Students] ([StudentID], [LastName], [FirstName], [HouseID], [Year], [ElectiveOneID], [ElectiveTwoID]) VALUES (408, N'Gnu', N'Bird', 3, 4, NULL, NULL)
INSERT [dbo].[Students] ([StudentID], [LastName], [FirstName], [HouseID], [Year], [ElectiveOneID], [ElectiveTwoID]) VALUES (409, N'Staghart', N'Jade', 4, 1, NULL, NULL)
INSERT [dbo].[Students] ([StudentID], [LastName], [FirstName], [HouseID], [Year], [ElectiveOneID], [ElectiveTwoID]) VALUES (410, N'Talpin', N'Glen', 4, 5, NULL, NULL)
INSERT [dbo].[Students] ([StudentID], [LastName], [FirstName], [HouseID], [Year], [ElectiveOneID], [ElectiveTwoID]) VALUES (411, N'Hawthorn', N'Brynn', 2, 1, NULL, NULL)
INSERT [dbo].[Students] ([StudentID], [LastName], [FirstName], [HouseID], [Year], [ElectiveOneID], [ElectiveTwoID]) VALUES (412, N'Passel', N'Danny', 1, 7, NULL, NULL)
INSERT [dbo].[Students] ([StudentID], [LastName], [FirstName], [HouseID], [Year], [ElectiveOneID], [ElectiveTwoID]) VALUES (413, N'Yowie', N'Glen', 3, 4, NULL, NULL)
INSERT [dbo].[Students] ([StudentID], [LastName], [FirstName], [HouseID], [Year], [ElectiveOneID], [ElectiveTwoID]) VALUES (414, N'Pots', N'Danni', 1, 1, NULL, NULL)
INSERT [dbo].[Students] ([StudentID], [LastName], [FirstName], [HouseID], [Year], [ElectiveOneID], [ElectiveTwoID]) VALUES (415, N'Buckthorn', N'Lynn', 1, 1, NULL, NULL)
INSERT [dbo].[Students] ([StudentID], [LastName], [FirstName], [HouseID], [Year], [ElectiveOneID], [ElectiveTwoID]) VALUES (416, N'Beaverdam', N'Reed', 1, 2, NULL, NULL)
INSERT [dbo].[Students] ([StudentID], [LastName], [FirstName], [HouseID], [Year], [ElectiveOneID], [ElectiveTwoID]) VALUES (417, N'Sparks', N'Storm', 4, 6, NULL, NULL)
INSERT [dbo].[Students] ([StudentID], [LastName], [FirstName], [HouseID], [Year], [ElectiveOneID], [ElectiveTwoID]) VALUES (418, N'Catts', N'Delta', 3, 1, NULL, NULL)
INSERT [dbo].[Students] ([StudentID], [LastName], [FirstName], [HouseID], [Year], [ElectiveOneID], [ElectiveTwoID]) VALUES (419, N'Fourpetal', N'River', 2, 6, NULL, NULL)
INSERT [dbo].[Students] ([StudentID], [LastName], [FirstName], [HouseID], [Year], [ElectiveOneID], [ElectiveTwoID]) VALUES (420, N'Bucks', N'Mango', 3, 6, NULL, NULL)
INSERT [dbo].[Students] ([StudentID], [LastName], [FirstName], [HouseID], [Year], [ElectiveOneID], [ElectiveTwoID]) VALUES (421, N'Collar', N'Steff', 3, 2, NULL, NULL)
INSERT [dbo].[Students] ([StudentID], [LastName], [FirstName], [HouseID], [Year], [ElectiveOneID], [ElectiveTwoID]) VALUES (422, N'Gears', N'Silver', 2, 2, NULL, NULL)
INSERT [dbo].[Students] ([StudentID], [LastName], [FirstName], [HouseID], [Year], [ElectiveOneID], [ElectiveTwoID]) VALUES (423, N'Pegas', N'Elliot', 3, 3, NULL, NULL)
INSERT [dbo].[Students] ([StudentID], [LastName], [FirstName], [HouseID], [Year], [ElectiveOneID], [ElectiveTwoID]) VALUES (424, N'Robin', N'Alexis', 4, 3, NULL, NULL)
INSERT [dbo].[Students] ([StudentID], [LastName], [FirstName], [HouseID], [Year], [ElectiveOneID], [ElectiveTwoID]) VALUES (425, N'Ganders', N'Reed', 3, 4, NULL, NULL)
INSERT [dbo].[Students] ([StudentID], [LastName], [FirstName], [HouseID], [Year], [ElectiveOneID], [ElectiveTwoID]) VALUES (426, N'Mistle', N'Ocean', 3, 1, NULL, NULL)
INSERT [dbo].[Students] ([StudentID], [LastName], [FirstName], [HouseID], [Year], [ElectiveOneID], [ElectiveTwoID]) VALUES (427, N'Crooks', N'Phoenix', 4, 3, NULL, NULL)
INSERT [dbo].[Students] ([StudentID], [LastName], [FirstName], [HouseID], [Year], [ElectiveOneID], [ElectiveTwoID]) VALUES (428, N'Cobris', N'Blair', 3, 7, NULL, NULL)
INSERT [dbo].[Students] ([StudentID], [LastName], [FirstName], [HouseID], [Year], [ElectiveOneID], [ElectiveTwoID]) VALUES (429, N'Twig', N'Ocean', 1, 4, NULL, NULL)
INSERT [dbo].[Students] ([StudentID], [LastName], [FirstName], [HouseID], [Year], [ElectiveOneID], [ElectiveTwoID]) VALUES (430, N'Newts', N'Glen', 3, 6, NULL, NULL)
INSERT [dbo].[Students] ([StudentID], [LastName], [FirstName], [HouseID], [Year], [ElectiveOneID], [ElectiveTwoID]) VALUES (431, N'Poisonwood', N'Avery', 2, 6, NULL, NULL)
INSERT [dbo].[Students] ([StudentID], [LastName], [FirstName], [HouseID], [Year], [ElectiveOneID], [ElectiveTwoID]) VALUES (432, N'Foxglove', N'Lee', 1, 3, NULL, NULL)
INSERT [dbo].[Students] ([StudentID], [LastName], [FirstName], [HouseID], [Year], [ElectiveOneID], [ElectiveTwoID]) VALUES (433, N'Lyre', N'Bret', 1, 7, NULL, NULL)
INSERT [dbo].[Students] ([StudentID], [LastName], [FirstName], [HouseID], [Year], [ElectiveOneID], [ElectiveTwoID]) VALUES (434, N'Hedge', N'Ashton', 2, 6, NULL, NULL)
INSERT [dbo].[Students] ([StudentID], [LastName], [FirstName], [HouseID], [Year], [ElectiveOneID], [ElectiveTwoID]) VALUES (435, N'Candlenut', N'Blake', 4, 3, NULL, NULL)
INSERT [dbo].[Students] ([StudentID], [LastName], [FirstName], [HouseID], [Year], [ElectiveOneID], [ElectiveTwoID]) VALUES (436, N'Ferlet', N'Cricket', 3, 7, NULL, NULL)
INSERT [dbo].[Students] ([StudentID], [LastName], [FirstName], [HouseID], [Year], [ElectiveOneID], [ElectiveTwoID]) VALUES (437, N'Laurel', N'Leaf', 2, 5, NULL, NULL)
INSERT [dbo].[Students] ([StudentID], [LastName], [FirstName], [HouseID], [Year], [ElectiveOneID], [ElectiveTwoID]) VALUES (438, N'Fir', N'Ari', 4, 6, NULL, NULL)
INSERT [dbo].[Students] ([StudentID], [LastName], [FirstName], [HouseID], [Year], [ElectiveOneID], [ElectiveTwoID]) VALUES (439, N'Hare', N'Leif', 3, 3, NULL, NULL)
INSERT [dbo].[Students] ([StudentID], [LastName], [FirstName], [HouseID], [Year], [ElectiveOneID], [ElectiveTwoID]) VALUES (440, N'Yowie', N'Bird', 2, 5, NULL, NULL)
INSERT [dbo].[Students] ([StudentID], [LastName], [FirstName], [HouseID], [Year], [ElectiveOneID], [ElectiveTwoID]) VALUES (441, N'Dime', N'Mason', 3, 5, NULL, NULL)
INSERT [dbo].[Students] ([StudentID], [LastName], [FirstName], [HouseID], [Year], [ElectiveOneID], [ElectiveTwoID]) VALUES (442, N'Bovin', N'Ali', 2, 7, NULL, NULL)
INSERT [dbo].[Students] ([StudentID], [LastName], [FirstName], [HouseID], [Year], [ElectiveOneID], [ElectiveTwoID]) VALUES (443, N'Dime', N'Jesse', 3, 5, NULL, NULL)
INSERT [dbo].[Students] ([StudentID], [LastName], [FirstName], [HouseID], [Year], [ElectiveOneID], [ElectiveTwoID]) VALUES (444, N'Marble', N'Ashley', 2, 6, NULL, NULL)
INSERT [dbo].[Students] ([StudentID], [LastName], [FirstName], [HouseID], [Year], [ElectiveOneID], [ElectiveTwoID]) VALUES (445, N'Hold', N'Erin', 3, 6, NULL, NULL)
INSERT [dbo].[Students] ([StudentID], [LastName], [FirstName], [HouseID], [Year], [ElectiveOneID], [ElectiveTwoID]) VALUES (446, N'Kelpis', N'Elm', 3, 5, NULL, NULL)
INSERT [dbo].[Students] ([StudentID], [LastName], [FirstName], [HouseID], [Year], [ElectiveOneID], [ElectiveTwoID]) VALUES (447, N'Ash', N'Dakota', 3, 2, NULL, NULL)
INSERT [dbo].[Students] ([StudentID], [LastName], [FirstName], [HouseID], [Year], [ElectiveOneID], [ElectiveTwoID]) VALUES (448, N'Lambkins', N'Sterling', 3, 7, NULL, NULL)
INSERT [dbo].[Students] ([StudentID], [LastName], [FirstName], [HouseID], [Year], [ElectiveOneID], [ElectiveTwoID]) VALUES (449, N'Cubs', N'Raine', 3, 6, NULL, NULL)
INSERT [dbo].[Students] ([StudentID], [LastName], [FirstName], [HouseID], [Year], [ElectiveOneID], [ElectiveTwoID]) VALUES (450, N'Bullwark', N'Winter', 1, 5, NULL, NULL)
INSERT [dbo].[Students] ([StudentID], [LastName], [FirstName], [HouseID], [Year], [ElectiveOneID], [ElectiveTwoID]) VALUES (451, N'Knotts', N'Harper', 1, 6, NULL, NULL)
INSERT [dbo].[Students] ([StudentID], [LastName], [FirstName], [HouseID], [Year], [ElectiveOneID], [ElectiveTwoID]) VALUES (452, N'Otters', N'Logan', 2, 4, NULL, NULL)
INSERT [dbo].[Students] ([StudentID], [LastName], [FirstName], [HouseID], [Year], [ElectiveOneID], [ElectiveTwoID]) VALUES (453, N'Tauris', N'Lesley', 2, 4, NULL, NULL)
INSERT [dbo].[Students] ([StudentID], [LastName], [FirstName], [HouseID], [Year], [ElectiveOneID], [ElectiveTwoID]) VALUES (454, N'Flame', N'Ryan', 1, 1, NULL, NULL)
INSERT [dbo].[Students] ([StudentID], [LastName], [FirstName], [HouseID], [Year], [ElectiveOneID], [ElectiveTwoID]) VALUES (455, N'Ash', N'Rene', 2, 3, NULL, NULL)
INSERT [dbo].[Students] ([StudentID], [LastName], [FirstName], [HouseID], [Year], [ElectiveOneID], [ElectiveTwoID]) VALUES (456, N'Dime', N'Delta', 2, 6, NULL, NULL)
INSERT [dbo].[Students] ([StudentID], [LastName], [FirstName], [HouseID], [Year], [ElectiveOneID], [ElectiveTwoID]) VALUES (457, N'Sow', N'Sorrel', 4, 2, NULL, NULL)
INSERT [dbo].[Students] ([StudentID], [LastName], [FirstName], [HouseID], [Year], [ElectiveOneID], [ElectiveTwoID]) VALUES (458, N'Salman', N'Wren', 3, 5, NULL, NULL)
INSERT [dbo].[Students] ([StudentID], [LastName], [FirstName], [HouseID], [Year], [ElectiveOneID], [ElectiveTwoID]) VALUES (459, N'Bucks', N'Azure', 3, 4, NULL, NULL)
INSERT [dbo].[Students] ([StudentID], [LastName], [FirstName], [HouseID], [Year], [ElectiveOneID], [ElectiveTwoID]) VALUES (460, N'Mitten', N'Ash', 1, 4, NULL, NULL)
INSERT [dbo].[Students] ([StudentID], [LastName], [FirstName], [HouseID], [Year], [ElectiveOneID], [ElectiveTwoID]) VALUES (461, N'Primrose', N'Morgan', 1, 2, NULL, NULL)
INSERT [dbo].[Students] ([StudentID], [LastName], [FirstName], [HouseID], [Year], [ElectiveOneID], [ElectiveTwoID]) VALUES (462, N'Griffis', N'Addison', 2, 3, NULL, NULL)
INSERT [dbo].[Students] ([StudentID], [LastName], [FirstName], [HouseID], [Year], [ElectiveOneID], [ElectiveTwoID]) VALUES (463, N'Rose', N'Justice', 1, 1, NULL, NULL)
INSERT [dbo].[Students] ([StudentID], [LastName], [FirstName], [HouseID], [Year], [ElectiveOneID], [ElectiveTwoID]) VALUES (464, N'Silverthorn', N'Leigh', 3, 7, NULL, NULL)
INSERT [dbo].[Students] ([StudentID], [LastName], [FirstName], [HouseID], [Year], [ElectiveOneID], [ElectiveTwoID]) VALUES (465, N'Oliver', N'Mel', 4, 6, NULL, NULL)
INSERT [dbo].[Students] ([StudentID], [LastName], [FirstName], [HouseID], [Year], [ElectiveOneID], [ElectiveTwoID]) VALUES (466, N'Pinescrew', N'Phoenix', 1, 3, NULL, NULL)
INSERT [dbo].[Students] ([StudentID], [LastName], [FirstName], [HouseID], [Year], [ElectiveOneID], [ElectiveTwoID]) VALUES (467, N'Newts', N'Raine', 2, 6, NULL, NULL)
INSERT [dbo].[Students] ([StudentID], [LastName], [FirstName], [HouseID], [Year], [ElectiveOneID], [ElectiveTwoID]) VALUES (468, N'Stripes', N'Leaf', 3, 6, NULL, NULL)
INSERT [dbo].[Students] ([StudentID], [LastName], [FirstName], [HouseID], [Year], [ElectiveOneID], [ElectiveTwoID]) VALUES (469, N'Hummingbird', N'Kale', 3, 4, NULL, NULL)
INSERT [dbo].[Students] ([StudentID], [LastName], [FirstName], [HouseID], [Year], [ElectiveOneID], [ElectiveTwoID]) VALUES (470, N'Eaglet', N'Nova', 2, 1, NULL, NULL)
INSERT [dbo].[Students] ([StudentID], [LastName], [FirstName], [HouseID], [Year], [ElectiveOneID], [ElectiveTwoID]) VALUES (471, N'Bags', N'Lee', 3, 2, NULL, NULL)
INSERT [dbo].[Students] ([StudentID], [LastName], [FirstName], [HouseID], [Year], [ElectiveOneID], [ElectiveTwoID]) VALUES (472, N'Bags', N'Rene', 4, 2, NULL, NULL)
INSERT [dbo].[Students] ([StudentID], [LastName], [FirstName], [HouseID], [Year], [ElectiveOneID], [ElectiveTwoID]) VALUES (473, N'Clocks', N'Aaren', 1, 2, NULL, NULL)
INSERT [dbo].[Students] ([StudentID], [LastName], [FirstName], [HouseID], [Year], [ElectiveOneID], [ElectiveTwoID]) VALUES (474, N'Cobweb', N'Hayden', 4, 2, NULL, NULL)
INSERT [dbo].[Students] ([StudentID], [LastName], [FirstName], [HouseID], [Year], [ElectiveOneID], [ElectiveTwoID]) VALUES (475, N'Magnolis', N'Brynn', 3, 6, NULL, NULL)
INSERT [dbo].[Students] ([StudentID], [LastName], [FirstName], [HouseID], [Year], [ElectiveOneID], [ElectiveTwoID]) VALUES (476, N'Nightingale', N'Pepper', 1, 2, NULL, NULL)
INSERT [dbo].[Students] ([StudentID], [LastName], [FirstName], [HouseID], [Year], [ElectiveOneID], [ElectiveTwoID]) VALUES (477, N'Batt', N'Raven', 1, 1, NULL, NULL)
INSERT [dbo].[Students] ([StudentID], [LastName], [FirstName], [HouseID], [Year], [ElectiveOneID], [ElectiveTwoID]) VALUES (478, N'Rubis', N'Raine', 3, 5, NULL, NULL)
INSERT [dbo].[Students] ([StudentID], [LastName], [FirstName], [HouseID], [Year], [ElectiveOneID], [ElectiveTwoID]) VALUES (479, N'Elks', N'Sorrel', 3, 3, NULL, NULL)
INSERT [dbo].[Students] ([StudentID], [LastName], [FirstName], [HouseID], [Year], [ElectiveOneID], [ElectiveTwoID]) VALUES (480, N'Harpis', N'Sage', 2, 4, NULL, NULL)
INSERT [dbo].[Students] ([StudentID], [LastName], [FirstName], [HouseID], [Year], [ElectiveOneID], [ElectiveTwoID]) VALUES (481, N'Catts', N'Rory', 4, 4, NULL, NULL)
INSERT [dbo].[Students] ([StudentID], [LastName], [FirstName], [HouseID], [Year], [ElectiveOneID], [ElectiveTwoID]) VALUES (482, N'Night', N'Erin', 1, 2, NULL, NULL)
INSERT [dbo].[Students] ([StudentID], [LastName], [FirstName], [HouseID], [Year], [ElectiveOneID], [ElectiveTwoID]) VALUES (483, N'Lillypilly', N'Chris', 4, 1, NULL, NULL)
INSERT [dbo].[Students] ([StudentID], [LastName], [FirstName], [HouseID], [Year], [ElectiveOneID], [ElectiveTwoID]) VALUES (484, N'Quilt', N'Sidney', 3, 4, NULL, NULL)
INSERT [dbo].[Students] ([StudentID], [LastName], [FirstName], [HouseID], [Year], [ElectiveOneID], [ElectiveTwoID]) VALUES (485, N'Yetis', N'Gabby', 3, 5, NULL, NULL)
INSERT [dbo].[Students] ([StudentID], [LastName], [FirstName], [HouseID], [Year], [ElectiveOneID], [ElectiveTwoID]) VALUES (486, N'Locks', N'Fern', 3, 6, NULL, NULL)
INSERT [dbo].[Students] ([StudentID], [LastName], [FirstName], [HouseID], [Year], [ElectiveOneID], [ElectiveTwoID]) VALUES (487, N'Inkwell', N'Sol', 4, 7, NULL, NULL)
INSERT [dbo].[Students] ([StudentID], [LastName], [FirstName], [HouseID], [Year], [ElectiveOneID], [ElectiveTwoID]) VALUES (488, N'Bricks', N'Bramble', 3, 3, NULL, NULL)
INSERT [dbo].[Students] ([StudentID], [LastName], [FirstName], [HouseID], [Year], [ElectiveOneID], [ElectiveTwoID]) VALUES (489, N'Candlelight', N'Avis', 2, 1, NULL, NULL)
INSERT [dbo].[Students] ([StudentID], [LastName], [FirstName], [HouseID], [Year], [ElectiveOneID], [ElectiveTwoID]) VALUES (490, N'Wattle', N'Spruce', 2, 6, NULL, NULL)
INSERT [dbo].[Students] ([StudentID], [LastName], [FirstName], [HouseID], [Year], [ElectiveOneID], [ElectiveTwoID]) VALUES (491, N'Yetis', N'Mason', 4, 2, NULL, NULL)
INSERT [dbo].[Students] ([StudentID], [LastName], [FirstName], [HouseID], [Year], [ElectiveOneID], [ElectiveTwoID]) VALUES (492, N'Gulls', N'Ashton', 1, 5, NULL, NULL)
INSERT [dbo].[Students] ([StudentID], [LastName], [FirstName], [HouseID], [Year], [ElectiveOneID], [ElectiveTwoID]) VALUES (493, N'Heron', N'Gabe', 1, 1, NULL, NULL)
INSERT [dbo].[Students] ([StudentID], [LastName], [FirstName], [HouseID], [Year], [ElectiveOneID], [ElectiveTwoID]) VALUES (494, N'Mistle', N'Gene', 4, 2, NULL, NULL)
INSERT [dbo].[Students] ([StudentID], [LastName], [FirstName], [HouseID], [Year], [ElectiveOneID], [ElectiveTwoID]) VALUES (495, N'Buttonwood', N'River', 1, 4, NULL, NULL)
INSERT [dbo].[Students] ([StudentID], [LastName], [FirstName], [HouseID], [Year], [ElectiveOneID], [ElectiveTwoID]) VALUES (496, N'Stems', N'Aster', 1, 2, NULL, NULL)
INSERT [dbo].[Students] ([StudentID], [LastName], [FirstName], [HouseID], [Year], [ElectiveOneID], [ElectiveTwoID]) VALUES (497, N'Firethron', N'Crescent', 1, 6, NULL, NULL)
INSERT [dbo].[Students] ([StudentID], [LastName], [FirstName], [HouseID], [Year], [ElectiveOneID], [ElectiveTwoID]) VALUES (498, N'Dendron', N'Reef', 4, 6, NULL, NULL)
INSERT [dbo].[Students] ([StudentID], [LastName], [FirstName], [HouseID], [Year], [ElectiveOneID], [ElectiveTwoID]) VALUES (499, N'Plums', N'Sterling', 4, 2, NULL, NULL)
GO
INSERT [dbo].[Students] ([StudentID], [LastName], [FirstName], [HouseID], [Year], [ElectiveOneID], [ElectiveTwoID]) VALUES (500, N'Selpie', N'Indigo', 1, 5, NULL, NULL)
INSERT [dbo].[Students] ([StudentID], [LastName], [FirstName], [HouseID], [Year], [ElectiveOneID], [ElectiveTwoID]) VALUES (501, N'Toads', N'Tanner', 2, 4, NULL, NULL)
INSERT [dbo].[Students] ([StudentID], [LastName], [FirstName], [HouseID], [Year], [ElectiveOneID], [ElectiveTwoID]) VALUES (502, N'Gears', N'Caden', 1, 1, NULL, NULL)
INSERT [dbo].[Students] ([StudentID], [LastName], [FirstName], [HouseID], [Year], [ElectiveOneID], [ElectiveTwoID]) VALUES (503, N'Sweetleaf', N'Vic', 3, 2, NULL, NULL)
INSERT [dbo].[Students] ([StudentID], [LastName], [FirstName], [HouseID], [Year], [ElectiveOneID], [ElectiveTwoID]) VALUES (504, N'Felide', N'Carol', 4, 2, NULL, NULL)
INSERT [dbo].[Students] ([StudentID], [LastName], [FirstName], [HouseID], [Year], [ElectiveOneID], [ElectiveTwoID]) VALUES (505, N'Inkwood', N'Carol', 3, 3, NULL, NULL)
INSERT [dbo].[Students] ([StudentID], [LastName], [FirstName], [HouseID], [Year], [ElectiveOneID], [ElectiveTwoID]) VALUES (506, N'Bitterwood', N'Cayenne', 4, 6, NULL, NULL)
INSERT [dbo].[Students] ([StudentID], [LastName], [FirstName], [HouseID], [Year], [ElectiveOneID], [ElectiveTwoID]) VALUES (507, N'Wolpers', N'Dale', 2, 6, NULL, NULL)
INSERT [dbo].[Students] ([StudentID], [LastName], [FirstName], [HouseID], [Year], [ElectiveOneID], [ElectiveTwoID]) VALUES (508, N'Hinde', N'Almond', 3, 1, NULL, NULL)
INSERT [dbo].[Students] ([StudentID], [LastName], [FirstName], [HouseID], [Year], [ElectiveOneID], [ElectiveTwoID]) VALUES (509, N'Canis', N'Bramble', 3, 1, NULL, NULL)
INSERT [dbo].[Students] ([StudentID], [LastName], [FirstName], [HouseID], [Year], [ElectiveOneID], [ElectiveTwoID]) VALUES (510, N'Crane', N'Starling', 4, 2, NULL, NULL)
INSERT [dbo].[Students] ([StudentID], [LastName], [FirstName], [HouseID], [Year], [ElectiveOneID], [ElectiveTwoID]) VALUES (511, N'Hoganis', N'Sam', 2, 5, NULL, NULL)
INSERT [dbo].[Students] ([StudentID], [LastName], [FirstName], [HouseID], [Year], [ElectiveOneID], [ElectiveTwoID]) VALUES (512, N'Salman', N'Rudy', 2, 1, NULL, NULL)
INSERT [dbo].[Students] ([StudentID], [LastName], [FirstName], [HouseID], [Year], [ElectiveOneID], [ElectiveTwoID]) VALUES (513, N'Filly', N'Jo', 1, 3, NULL, NULL)
INSERT [dbo].[Students] ([StudentID], [LastName], [FirstName], [HouseID], [Year], [ElectiveOneID], [ElectiveTwoID]) VALUES (514, N'Olive', N'Logan', 2, 4, NULL, NULL)
INSERT [dbo].[Students] ([StudentID], [LastName], [FirstName], [HouseID], [Year], [ElectiveOneID], [ElectiveTwoID]) VALUES (515, N'Fauns', N'Drew', 3, 1, NULL, NULL)
INSERT [dbo].[Students] ([StudentID], [LastName], [FirstName], [HouseID], [Year], [ElectiveOneID], [ElectiveTwoID]) VALUES (516, N'Ambarella', N'Rowan', 1, 6, NULL, NULL)
INSERT [dbo].[Students] ([StudentID], [LastName], [FirstName], [HouseID], [Year], [ElectiveOneID], [ElectiveTwoID]) VALUES (517, N'Gnats', N'Ocean', 2, 4, NULL, NULL)
INSERT [dbo].[Students] ([StudentID], [LastName], [FirstName], [HouseID], [Year], [ElectiveOneID], [ElectiveTwoID]) VALUES (518, N'Everglade', N'Shell', 3, 4, NULL, NULL)
INSERT [dbo].[Students] ([StudentID], [LastName], [FirstName], [HouseID], [Year], [ElectiveOneID], [ElectiveTwoID]) VALUES (519, N'Tauris', N'Clay', 4, 6, NULL, NULL)
INSERT [dbo].[Students] ([StudentID], [LastName], [FirstName], [HouseID], [Year], [ElectiveOneID], [ElectiveTwoID]) VALUES (520, N'Striker', N'Rhine', 4, 1, NULL, NULL)
INSERT [dbo].[Students] ([StudentID], [LastName], [FirstName], [HouseID], [Year], [ElectiveOneID], [ElectiveTwoID]) VALUES (521, N'Pets', N'Aiden', 1, 7, NULL, NULL)
INSERT [dbo].[Students] ([StudentID], [LastName], [FirstName], [HouseID], [Year], [ElectiveOneID], [ElectiveTwoID]) VALUES (522, N'Boots', N'Ashley', 3, 7, NULL, NULL)
INSERT [dbo].[Students] ([StudentID], [LastName], [FirstName], [HouseID], [Year], [ElectiveOneID], [ElectiveTwoID]) VALUES (523, N'Albatross', N'Jordan', 3, 7, NULL, NULL)
INSERT [dbo].[Students] ([StudentID], [LastName], [FirstName], [HouseID], [Year], [ElectiveOneID], [ElectiveTwoID]) VALUES (524, N'Jackbuck', N'Mel', 1, 2, NULL, NULL)
INSERT [dbo].[Students] ([StudentID], [LastName], [FirstName], [HouseID], [Year], [ElectiveOneID], [ElectiveTwoID]) VALUES (525, N'Vixen', N'Avery', 1, 1, NULL, NULL)
INSERT [dbo].[Students] ([StudentID], [LastName], [FirstName], [HouseID], [Year], [ElectiveOneID], [ElectiveTwoID]) VALUES (526, N'Sparks', N'Orchard', 3, 5, NULL, NULL)
INSERT [dbo].[Students] ([StudentID], [LastName], [FirstName], [HouseID], [Year], [ElectiveOneID], [ElectiveTwoID]) VALUES (527, N'Magpie', N'Bayou', 2, 6, NULL, NULL)
INSERT [dbo].[Students] ([StudentID], [LastName], [FirstName], [HouseID], [Year], [ElectiveOneID], [ElectiveTwoID]) VALUES (528, N'Ironbark', N'River', 2, 7, NULL, NULL)
INSERT [dbo].[Students] ([StudentID], [LastName], [FirstName], [HouseID], [Year], [ElectiveOneID], [ElectiveTwoID]) VALUES (529, N'Coyota', N'Cricket', 2, 2, NULL, NULL)
INSERT [dbo].[Students] ([StudentID], [LastName], [FirstName], [HouseID], [Year], [ElectiveOneID], [ElectiveTwoID]) VALUES (530, N'Dogbane', N'Kale', 1, 1, NULL, NULL)
INSERT [dbo].[Students] ([StudentID], [LastName], [FirstName], [HouseID], [Year], [ElectiveOneID], [ElectiveTwoID]) VALUES (531, N'Bristlecone', N'River', 4, 5, NULL, NULL)
INSERT [dbo].[Students] ([StudentID], [LastName], [FirstName], [HouseID], [Year], [ElectiveOneID], [ElectiveTwoID]) VALUES (532, N'Armadill', N'Blake', 3, 5, NULL, NULL)
INSERT [dbo].[Students] ([StudentID], [LastName], [FirstName], [HouseID], [Year], [ElectiveOneID], [ElectiveTwoID]) VALUES (533, N'Snowbell', N'Harley', 3, 2, NULL, NULL)
INSERT [dbo].[Students] ([StudentID], [LastName], [FirstName], [HouseID], [Year], [ElectiveOneID], [ElectiveTwoID]) VALUES (534, N'Hold', N'Kerry', 1, 1, NULL, NULL)
INSERT [dbo].[Students] ([StudentID], [LastName], [FirstName], [HouseID], [Year], [ElectiveOneID], [ElectiveTwoID]) VALUES (535, N'Chameleon', N'Charlie', 1, 5, NULL, NULL)
INSERT [dbo].[Students] ([StudentID], [LastName], [FirstName], [HouseID], [Year], [ElectiveOneID], [ElectiveTwoID]) VALUES (536, N'Gooseberry', N'Ice', 3, 5, NULL, NULL)
INSERT [dbo].[Students] ([StudentID], [LastName], [FirstName], [HouseID], [Year], [ElectiveOneID], [ElectiveTwoID]) VALUES (537, N'Blackjack', N'Bird', 3, 3, NULL, NULL)
INSERT [dbo].[Students] ([StudentID], [LastName], [FirstName], [HouseID], [Year], [ElectiveOneID], [ElectiveTwoID]) VALUES (538, N'Cycad', N'Fern', 4, 3, NULL, NULL)
INSERT [dbo].[Students] ([StudentID], [LastName], [FirstName], [HouseID], [Year], [ElectiveOneID], [ElectiveTwoID]) VALUES (539, N'Laurel', N'Spruce', 2, 7, NULL, NULL)
INSERT [dbo].[Students] ([StudentID], [LastName], [FirstName], [HouseID], [Year], [ElectiveOneID], [ElectiveTwoID]) VALUES (540, N'Cygnet', N'Storm', 2, 7, NULL, NULL)
INSERT [dbo].[Students] ([StudentID], [LastName], [FirstName], [HouseID], [Year], [ElectiveOneID], [ElectiveTwoID]) VALUES (541, N'Mulberry', N'Aiden', 1, 4, NULL, NULL)
INSERT [dbo].[Students] ([StudentID], [LastName], [FirstName], [HouseID], [Year], [ElectiveOneID], [ElectiveTwoID]) VALUES (542, N'Toads', N'Alexis', 1, 3, NULL, NULL)
INSERT [dbo].[Students] ([StudentID], [LastName], [FirstName], [HouseID], [Year], [ElectiveOneID], [ElectiveTwoID]) VALUES (543, N'Magnolis', N'Silver', 3, 1, NULL, NULL)
INSERT [dbo].[Students] ([StudentID], [LastName], [FirstName], [HouseID], [Year], [ElectiveOneID], [ElectiveTwoID]) VALUES (544, N'Inkwood', N'Franky', 4, 2, NULL, NULL)
INSERT [dbo].[Students] ([StudentID], [LastName], [FirstName], [HouseID], [Year], [ElectiveOneID], [ElectiveTwoID]) VALUES (545, N'Everglade', N'Ashley', 1, 6, NULL, NULL)
INSERT [dbo].[Students] ([StudentID], [LastName], [FirstName], [HouseID], [Year], [ElectiveOneID], [ElectiveTwoID]) VALUES (546, N'Albatross', N'Dusk', 2, 2, NULL, NULL)
INSERT [dbo].[Students] ([StudentID], [LastName], [FirstName], [HouseID], [Year], [ElectiveOneID], [ElectiveTwoID]) VALUES (547, N'Birdnest', N'Indigo', 1, 3, NULL, NULL)
INSERT [dbo].[Students] ([StudentID], [LastName], [FirstName], [HouseID], [Year], [ElectiveOneID], [ElectiveTwoID]) VALUES (548, N'Batt', N'Pine', 3, 5, NULL, NULL)
INSERT [dbo].[Students] ([StudentID], [LastName], [FirstName], [HouseID], [Year], [ElectiveOneID], [ElectiveTwoID]) VALUES (549, N'Mapleleaf', N'Sunny', 2, 4, NULL, NULL)
INSERT [dbo].[Students] ([StudentID], [LastName], [FirstName], [HouseID], [Year], [ElectiveOneID], [ElectiveTwoID]) VALUES (550, N'Rosewood', N'Danica', 3, 2, NULL, NULL)
INSERT [dbo].[Students] ([StudentID], [LastName], [FirstName], [HouseID], [Year], [ElectiveOneID], [ElectiveTwoID]) VALUES (551, N'Goosander', N'Val', 3, 1, NULL, NULL)
INSERT [dbo].[Students] ([StudentID], [LastName], [FirstName], [HouseID], [Year], [ElectiveOneID], [ElectiveTwoID]) VALUES (552, N'Badger', N'Vic', 1, 7, NULL, NULL)
INSERT [dbo].[Students] ([StudentID], [LastName], [FirstName], [HouseID], [Year], [ElectiveOneID], [ElectiveTwoID]) VALUES (553, N'Ferlet', N'Reggie', 3, 5, NULL, NULL)
INSERT [dbo].[Students] ([StudentID], [LastName], [FirstName], [HouseID], [Year], [ElectiveOneID], [ElectiveTwoID]) VALUES (554, N'Evergreen', N'Caden', 4, 3, NULL, NULL)
INSERT [dbo].[Students] ([StudentID], [LastName], [FirstName], [HouseID], [Year], [ElectiveOneID], [ElectiveTwoID]) VALUES (555, N'Chameleon', N'Tanner', 1, 2, NULL, NULL)
INSERT [dbo].[Students] ([StudentID], [LastName], [FirstName], [HouseID], [Year], [ElectiveOneID], [ElectiveTwoID]) VALUES (556, N'Rooks', N'Jay', 2, 6, NULL, NULL)
INSERT [dbo].[Students] ([StudentID], [LastName], [FirstName], [HouseID], [Year], [ElectiveOneID], [ElectiveTwoID]) VALUES (557, N'Chameleon', N'Oak', 1, 2, NULL, NULL)
INSERT [dbo].[Students] ([StudentID], [LastName], [FirstName], [HouseID], [Year], [ElectiveOneID], [ElectiveTwoID]) VALUES (558, N'Mole', N'Sable', 3, 7, NULL, NULL)
INSERT [dbo].[Students] ([StudentID], [LastName], [FirstName], [HouseID], [Year], [ElectiveOneID], [ElectiveTwoID]) VALUES (559, N'Olive', N'Shell', 4, 2, NULL, NULL)
INSERT [dbo].[Students] ([StudentID], [LastName], [FirstName], [HouseID], [Year], [ElectiveOneID], [ElectiveTwoID]) VALUES (560, N'Feather', N'Winter', 2, 3, NULL, NULL)
INSERT [dbo].[Students] ([StudentID], [LastName], [FirstName], [HouseID], [Year], [ElectiveOneID], [ElectiveTwoID]) VALUES (561, N'Ironbark', N'Angel', 1, 3, NULL, NULL)
INSERT [dbo].[Students] ([StudentID], [LastName], [FirstName], [HouseID], [Year], [ElectiveOneID], [ElectiveTwoID]) VALUES (562, N'Gnu', N'Silver', 2, 6, NULL, NULL)
INSERT [dbo].[Students] ([StudentID], [LastName], [FirstName], [HouseID], [Year], [ElectiveOneID], [ElectiveTwoID]) VALUES (563, N'Cygnet', N'Sidney', 3, 7, NULL, NULL)
INSERT [dbo].[Students] ([StudentID], [LastName], [FirstName], [HouseID], [Year], [ElectiveOneID], [ElectiveTwoID]) VALUES (564, N'Catts', N'Emerson', 4, 6, NULL, NULL)
INSERT [dbo].[Students] ([StudentID], [LastName], [FirstName], [HouseID], [Year], [ElectiveOneID], [ElectiveTwoID]) VALUES (565, N'Mole', N'Danny', 1, 1, NULL, NULL)
INSERT [dbo].[Students] ([StudentID], [LastName], [FirstName], [HouseID], [Year], [ElectiveOneID], [ElectiveTwoID]) VALUES (566, N'Lacework', N'Shell', 3, 4, NULL, NULL)
INSERT [dbo].[Students] ([StudentID], [LastName], [FirstName], [HouseID], [Year], [ElectiveOneID], [ElectiveTwoID]) VALUES (567, N'Cerbus', N'Mica', 4, 7, NULL, NULL)
INSERT [dbo].[Students] ([StudentID], [LastName], [FirstName], [HouseID], [Year], [ElectiveOneID], [ElectiveTwoID]) VALUES (568, N'Passel', N'Indigo', 2, 1, NULL, NULL)
INSERT [dbo].[Students] ([StudentID], [LastName], [FirstName], [HouseID], [Year], [ElectiveOneID], [ElectiveTwoID]) VALUES (569, N'Rubis', N'Blaze', 4, 1, NULL, NULL)
INSERT [dbo].[Students] ([StudentID], [LastName], [FirstName], [HouseID], [Year], [ElectiveOneID], [ElectiveTwoID]) VALUES (570, N'Ashe', N'Brier', 4, 5, NULL, NULL)
INSERT [dbo].[Students] ([StudentID], [LastName], [FirstName], [HouseID], [Year], [ElectiveOneID], [ElectiveTwoID]) VALUES (571, N'Fauns', N'Ali', 3, 6, NULL, NULL)
INSERT [dbo].[Students] ([StudentID], [LastName], [FirstName], [HouseID], [Year], [ElectiveOneID], [ElectiveTwoID]) VALUES (572, N'Butters', N'Carmen', 3, 4, NULL, NULL)
INSERT [dbo].[Students] ([StudentID], [LastName], [FirstName], [HouseID], [Year], [ElectiveOneID], [ElectiveTwoID]) VALUES (573, N'Dovetail', N'Ashton', 2, 3, NULL, NULL)
INSERT [dbo].[Students] ([StudentID], [LastName], [FirstName], [HouseID], [Year], [ElectiveOneID], [ElectiveTwoID]) VALUES (574, N'Lavender', N'Danni', 1, 5, NULL, NULL)
INSERT [dbo].[Students] ([StudentID], [LastName], [FirstName], [HouseID], [Year], [ElectiveOneID], [ElectiveTwoID]) VALUES (575, N'Hold', N'Skyler', 4, 6, NULL, NULL)
INSERT [dbo].[Students] ([StudentID], [LastName], [FirstName], [HouseID], [Year], [ElectiveOneID], [ElectiveTwoID]) VALUES (576, N'Jackbuck', N'Shadow', 1, 7, NULL, NULL)
INSERT [dbo].[Students] ([StudentID], [LastName], [FirstName], [HouseID], [Year], [ElectiveOneID], [ElectiveTwoID]) VALUES (577, N'Patt', N'Glen', 2, 1, NULL, NULL)
INSERT [dbo].[Students] ([StudentID], [LastName], [FirstName], [HouseID], [Year], [ElectiveOneID], [ElectiveTwoID]) VALUES (578, N'Lyptus', N'Lake', 4, 3, NULL, NULL)
INSERT [dbo].[Students] ([StudentID], [LastName], [FirstName], [HouseID], [Year], [ElectiveOneID], [ElectiveTwoID]) VALUES (579, N'Hold', N'Reed', 1, 7, NULL, NULL)
INSERT [dbo].[Students] ([StudentID], [LastName], [FirstName], [HouseID], [Year], [ElectiveOneID], [ElectiveTwoID]) VALUES (580, N'Laurel', N'Pepper', 1, 1, NULL, NULL)
INSERT [dbo].[Students] ([StudentID], [LastName], [FirstName], [HouseID], [Year], [ElectiveOneID], [ElectiveTwoID]) VALUES (581, N'Fauns', N'Casey', 2, 1, NULL, NULL)
INSERT [dbo].[Students] ([StudentID], [LastName], [FirstName], [HouseID], [Year], [ElectiveOneID], [ElectiveTwoID]) VALUES (582, N'Candlelight', N'Jamie', 2, 7, NULL, NULL)
INSERT [dbo].[Students] ([StudentID], [LastName], [FirstName], [HouseID], [Year], [ElectiveOneID], [ElectiveTwoID]) VALUES (583, N'Rose', N'Glen', 3, 1, NULL, NULL)
INSERT [dbo].[Students] ([StudentID], [LastName], [FirstName], [HouseID], [Year], [ElectiveOneID], [ElectiveTwoID]) VALUES (584, N'Wolfs', N'Taylor', 3, 7, NULL, NULL)
INSERT [dbo].[Students] ([StudentID], [LastName], [FirstName], [HouseID], [Year], [ElectiveOneID], [ElectiveTwoID]) VALUES (585, N'Light', N'Reed', 3, 4, NULL, NULL)
INSERT [dbo].[Students] ([StudentID], [LastName], [FirstName], [HouseID], [Year], [ElectiveOneID], [ElectiveTwoID]) VALUES (586, N'Plums', N'Ash', 2, 2, NULL, NULL)
INSERT [dbo].[Students] ([StudentID], [LastName], [FirstName], [HouseID], [Year], [ElectiveOneID], [ElectiveTwoID]) VALUES (587, N'Clockwork', N'Reed', 4, 6, NULL, NULL)
INSERT [dbo].[Students] ([StudentID], [LastName], [FirstName], [HouseID], [Year], [ElectiveOneID], [ElectiveTwoID]) VALUES (588, N'Foxglove', N'Brooks', 4, 3, NULL, NULL)
INSERT [dbo].[Students] ([StudentID], [LastName], [FirstName], [HouseID], [Year], [ElectiveOneID], [ElectiveTwoID]) VALUES (589, N'Collar', N'Bird', 3, 6, NULL, NULL)
INSERT [dbo].[Students] ([StudentID], [LastName], [FirstName], [HouseID], [Year], [ElectiveOneID], [ElectiveTwoID]) VALUES (590, N'Hickories', N'Oleander', 2, 2, NULL, NULL)
INSERT [dbo].[Students] ([StudentID], [LastName], [FirstName], [HouseID], [Year], [ElectiveOneID], [ElectiveTwoID]) VALUES (591, N'Coil', N'Raylee', 2, 3, NULL, NULL)
INSERT [dbo].[Students] ([StudentID], [LastName], [FirstName], [HouseID], [Year], [ElectiveOneID], [ElectiveTwoID]) VALUES (592, N'Juneberry', N'Casey', 2, 7, NULL, NULL)
INSERT [dbo].[Students] ([StudentID], [LastName], [FirstName], [HouseID], [Year], [ElectiveOneID], [ElectiveTwoID]) VALUES (593, N'Snakebark', N'Skyler', 1, 4, NULL, NULL)
INSERT [dbo].[Students] ([StudentID], [LastName], [FirstName], [HouseID], [Year], [ElectiveOneID], [ElectiveTwoID]) VALUES (594, N'Dots', N'Gabby', 4, 5, NULL, NULL)
INSERT [dbo].[Students] ([StudentID], [LastName], [FirstName], [HouseID], [Year], [ElectiveOneID], [ElectiveTwoID]) VALUES (595, N'Bottlebrush', N'Clem', 3, 4, NULL, NULL)
INSERT [dbo].[Students] ([StudentID], [LastName], [FirstName], [HouseID], [Year], [ElectiveOneID], [ElectiveTwoID]) VALUES (596, N'Doves', N'Raine', 1, 5, NULL, NULL)
INSERT [dbo].[Students] ([StudentID], [LastName], [FirstName], [HouseID], [Year], [ElectiveOneID], [ElectiveTwoID]) VALUES (597, N'Larch', N'Dusty', 2, 6, NULL, NULL)
INSERT [dbo].[Students] ([StudentID], [LastName], [FirstName], [HouseID], [Year], [ElectiveOneID], [ElectiveTwoID]) VALUES (598, N'Pets', N'Laurel', 4, 1, NULL, NULL)
INSERT [dbo].[Students] ([StudentID], [LastName], [FirstName], [HouseID], [Year], [ElectiveOneID], [ElectiveTwoID]) VALUES (599, N'Otters', N'Briar', 2, 4, NULL, NULL)
GO
INSERT [dbo].[Students] ([StudentID], [LastName], [FirstName], [HouseID], [Year], [ElectiveOneID], [ElectiveTwoID]) VALUES (600, N'Jackbuck', N'Oleander', 3, 5, NULL, NULL)
INSERT [dbo].[Students] ([StudentID], [LastName], [FirstName], [HouseID], [Year], [ElectiveOneID], [ElectiveTwoID]) VALUES (601, N'Nightmare', N'Maddox', 2, 3, NULL, NULL)
INSERT [dbo].[Students] ([StudentID], [LastName], [FirstName], [HouseID], [Year], [ElectiveOneID], [ElectiveTwoID]) VALUES (602, N'Cork', N'Taylor', 3, 3, NULL, NULL)
INSERT [dbo].[Students] ([StudentID], [LastName], [FirstName], [HouseID], [Year], [ElectiveOneID], [ElectiveTwoID]) VALUES (603, N'Talpin', N'Gail', 2, 3, NULL, NULL)
INSERT [dbo].[Students] ([StudentID], [LastName], [FirstName], [HouseID], [Year], [ElectiveOneID], [ElectiveTwoID]) VALUES (604, N'Gooseberry', N'Leigh', 2, 2, NULL, NULL)
INSERT [dbo].[Students] ([StudentID], [LastName], [FirstName], [HouseID], [Year], [ElectiveOneID], [ElectiveTwoID]) VALUES (605, N'Bucks', N'Casey', 2, 5, NULL, NULL)
INSERT [dbo].[Students] ([StudentID], [LastName], [FirstName], [HouseID], [Year], [ElectiveOneID], [ElectiveTwoID]) VALUES (606, N'Hazel', N'Ari', 2, 4, NULL, NULL)
INSERT [dbo].[Students] ([StudentID], [LastName], [FirstName], [HouseID], [Year], [ElectiveOneID], [ElectiveTwoID]) VALUES (607, N'Cobweb', N'Cayenne', 3, 2, NULL, NULL)
INSERT [dbo].[Students] ([StudentID], [LastName], [FirstName], [HouseID], [Year], [ElectiveOneID], [ElectiveTwoID]) VALUES (608, N'Bells', N'Starling', 3, 2, NULL, NULL)
INSERT [dbo].[Students] ([StudentID], [LastName], [FirstName], [HouseID], [Year], [ElectiveOneID], [ElectiveTwoID]) VALUES (609, N'Foxglove', N'Avis', 4, 4, NULL, NULL)
INSERT [dbo].[Students] ([StudentID], [LastName], [FirstName], [HouseID], [Year], [ElectiveOneID], [ElectiveTwoID]) VALUES (610, N'Ironwood', N'Laurel', 1, 5, NULL, NULL)
INSERT [dbo].[Students] ([StudentID], [LastName], [FirstName], [HouseID], [Year], [ElectiveOneID], [ElectiveTwoID]) VALUES (611, N'Littletree', N'Blair', 4, 2, NULL, NULL)
INSERT [dbo].[Students] ([StudentID], [LastName], [FirstName], [HouseID], [Year], [ElectiveOneID], [ElectiveTwoID]) VALUES (612, N'Griffins', N'Fran', 3, 7, NULL, NULL)
INSERT [dbo].[Students] ([StudentID], [LastName], [FirstName], [HouseID], [Year], [ElectiveOneID], [ElectiveTwoID]) VALUES (613, N'Bitterwood', N'Haiden', 2, 7, NULL, NULL)
INSERT [dbo].[Students] ([StudentID], [LastName], [FirstName], [HouseID], [Year], [ElectiveOneID], [ElectiveTwoID]) VALUES (614, N'Primrose', N'Quinn', 1, 7, NULL, NULL)
INSERT [dbo].[Students] ([StudentID], [LastName], [FirstName], [HouseID], [Year], [ElectiveOneID], [ElectiveTwoID]) VALUES (615, N'Silverling', N'Gene', 2, 2, NULL, NULL)
INSERT [dbo].[Students] ([StudentID], [LastName], [FirstName], [HouseID], [Year], [ElectiveOneID], [ElectiveTwoID]) VALUES (616, N'Biscus', N'Reed', 2, 6, NULL, NULL)
INSERT [dbo].[Students] ([StudentID], [LastName], [FirstName], [HouseID], [Year], [ElectiveOneID], [ElectiveTwoID]) VALUES (617, N'Fauns', N'Reed', 1, 1, NULL, NULL)
INSERT [dbo].[Students] ([StudentID], [LastName], [FirstName], [HouseID], [Year], [ElectiveOneID], [ElectiveTwoID]) VALUES (618, N'Stinkwood', N'Blair', 1, 4, NULL, NULL)
INSERT [dbo].[Students] ([StudentID], [LastName], [FirstName], [HouseID], [Year], [ElectiveOneID], [ElectiveTwoID]) VALUES (619, N'Rivers', N'Rowan', 3, 6, NULL, NULL)
INSERT [dbo].[Students] ([StudentID], [LastName], [FirstName], [HouseID], [Year], [ElectiveOneID], [ElectiveTwoID]) VALUES (620, N'Barracus', N'Elm', 4, 2, NULL, NULL)
INSERT [dbo].[Students] ([StudentID], [LastName], [FirstName], [HouseID], [Year], [ElectiveOneID], [ElectiveTwoID]) VALUES (621, N'Hold', N'Skylar', 4, 4, NULL, NULL)
INSERT [dbo].[Students] ([StudentID], [LastName], [FirstName], [HouseID], [Year], [ElectiveOneID], [ElectiveTwoID]) VALUES (622, N'Oleander', N'Carmen', 1, 4, NULL, NULL)
INSERT [dbo].[Students] ([StudentID], [LastName], [FirstName], [HouseID], [Year], [ElectiveOneID], [ElectiveTwoID]) VALUES (623, N'Cubs', N'Kris', 3, 4, NULL, NULL)
INSERT [dbo].[Students] ([StudentID], [LastName], [FirstName], [HouseID], [Year], [ElectiveOneID], [ElectiveTwoID]) VALUES (624, N'Buttons', N'Skylar', 4, 2, NULL, NULL)
INSERT [dbo].[Students] ([StudentID], [LastName], [FirstName], [HouseID], [Year], [ElectiveOneID], [ElectiveTwoID]) VALUES (625, N'Conebush', N'Glenn', 3, 2, NULL, NULL)
INSERT [dbo].[Students] ([StudentID], [LastName], [FirstName], [HouseID], [Year], [ElectiveOneID], [ElectiveTwoID]) VALUES (626, N'Ambarella', N'Phoenix', 4, 2, NULL, NULL)
INSERT [dbo].[Students] ([StudentID], [LastName], [FirstName], [HouseID], [Year], [ElectiveOneID], [ElectiveTwoID]) VALUES (627, N'Locks', N'Mica', 1, 7, NULL, NULL)
INSERT [dbo].[Students] ([StudentID], [LastName], [FirstName], [HouseID], [Year], [ElectiveOneID], [ElectiveTwoID]) VALUES (628, N'Inkwell', N'Dakota', 4, 2, NULL, NULL)
INSERT [dbo].[Students] ([StudentID], [LastName], [FirstName], [HouseID], [Year], [ElectiveOneID], [ElectiveTwoID]) VALUES (629, N'Beetle', N'Sky', 3, 1, NULL, NULL)
INSERT [dbo].[Students] ([StudentID], [LastName], [FirstName], [HouseID], [Year], [ElectiveOneID], [ElectiveTwoID]) VALUES (630, N'Crow', N'Briar', 1, 4, NULL, NULL)
INSERT [dbo].[Students] ([StudentID], [LastName], [FirstName], [HouseID], [Year], [ElectiveOneID], [ElectiveTwoID]) VALUES (631, N'Filly', N'Early', 2, 5, NULL, NULL)
INSERT [dbo].[Students] ([StudentID], [LastName], [FirstName], [HouseID], [Year], [ElectiveOneID], [ElectiveTwoID]) VALUES (632, N'Canis', N'Huey', 3, 7, NULL, NULL)
INSERT [dbo].[Students] ([StudentID], [LastName], [FirstName], [HouseID], [Year], [ElectiveOneID], [ElectiveTwoID]) VALUES (633, N'Cups', N'Lonie', 1, 4, NULL, NULL)
INSERT [dbo].[Students] ([StudentID], [LastName], [FirstName], [HouseID], [Year], [ElectiveOneID], [ElectiveTwoID]) VALUES (634, N'Fogs', N'Chris', 3, 4, NULL, NULL)
INSERT [dbo].[Students] ([StudentID], [LastName], [FirstName], [HouseID], [Year], [ElectiveOneID], [ElectiveTwoID]) VALUES (635, N'Capricorn', N'Artie', 3, 3, NULL, NULL)
INSERT [dbo].[Students] ([StudentID], [LastName], [FirstName], [HouseID], [Year], [ElectiveOneID], [ElectiveTwoID]) VALUES (636, N'Silverberry', N'Bird', 3, 6, NULL, NULL)
INSERT [dbo].[Students] ([StudentID], [LastName], [FirstName], [HouseID], [Year], [ElectiveOneID], [ElectiveTwoID]) VALUES (637, N'Box', N'Rio', 4, 4, NULL, NULL)
INSERT [dbo].[Students] ([StudentID], [LastName], [FirstName], [HouseID], [Year], [ElectiveOneID], [ElectiveTwoID]) VALUES (638, N'Shrew', N'Arum', 1, 4, NULL, NULL)
INSERT [dbo].[Students] ([StudentID], [LastName], [FirstName], [HouseID], [Year], [ElectiveOneID], [ElectiveTwoID]) VALUES (639, N'Cassowary', N'Jade', 4, 2, NULL, NULL)
INSERT [dbo].[Students] ([StudentID], [LastName], [FirstName], [HouseID], [Year], [ElectiveOneID], [ElectiveTwoID]) VALUES (640, N'Cerbus', N'Valerian', 4, 1, NULL, NULL)
INSERT [dbo].[Students] ([StudentID], [LastName], [FirstName], [HouseID], [Year], [ElectiveOneID], [ElectiveTwoID]) VALUES (641, N'Hold', N'Nicky', 3, 5, NULL, NULL)
INSERT [dbo].[Students] ([StudentID], [LastName], [FirstName], [HouseID], [Year], [ElectiveOneID], [ElectiveTwoID]) VALUES (642, N'Twig', N'Raylee', 2, 7, NULL, NULL)
INSERT [dbo].[Students] ([StudentID], [LastName], [FirstName], [HouseID], [Year], [ElectiveOneID], [ElectiveTwoID]) VALUES (643, N'Riddle', N'Ash', 1, 3, NULL, NULL)
INSERT [dbo].[Students] ([StudentID], [LastName], [FirstName], [HouseID], [Year], [ElectiveOneID], [ElectiveTwoID]) VALUES (644, N'Birdnest', N'Robin', 2, 3, NULL, NULL)
INSERT [dbo].[Students] ([StudentID], [LastName], [FirstName], [HouseID], [Year], [ElectiveOneID], [ElectiveTwoID]) VALUES (645, N'Flame', N'Reed', 2, 6, NULL, NULL)
INSERT [dbo].[Students] ([StudentID], [LastName], [FirstName], [HouseID], [Year], [ElectiveOneID], [ElectiveTwoID]) VALUES (646, N'Ironwood', N'Laurel', 3, 6, NULL, NULL)
INSERT [dbo].[Students] ([StudentID], [LastName], [FirstName], [HouseID], [Year], [ElectiveOneID], [ElectiveTwoID]) VALUES (647, N'Myrtle', N'Cricket', 3, 2, NULL, NULL)
INSERT [dbo].[Students] ([StudentID], [LastName], [FirstName], [HouseID], [Year], [ElectiveOneID], [ElectiveTwoID]) VALUES (648, N'Oakwood', N'Dakota', 4, 2, NULL, NULL)
INSERT [dbo].[Students] ([StudentID], [LastName], [FirstName], [HouseID], [Year], [ElectiveOneID], [ElectiveTwoID]) VALUES (649, N'Leon', N'Dew', 1, 5, NULL, NULL)
INSERT [dbo].[Students] ([StudentID], [LastName], [FirstName], [HouseID], [Year], [ElectiveOneID], [ElectiveTwoID]) VALUES (650, N'Catts', N'Shale', 2, 1, NULL, NULL)
INSERT [dbo].[Students] ([StudentID], [LastName], [FirstName], [HouseID], [Year], [ElectiveOneID], [ElectiveTwoID]) VALUES (651, N'Rose', N'Marley', 4, 1, NULL, NULL)
INSERT [dbo].[Students] ([StudentID], [LastName], [FirstName], [HouseID], [Year], [ElectiveOneID], [ElectiveTwoID]) VALUES (652, N'Gorgon', N'Ryan', 4, 4, NULL, NULL)
INSERT [dbo].[Students] ([StudentID], [LastName], [FirstName], [HouseID], [Year], [ElectiveOneID], [ElectiveTwoID]) VALUES (653, N'Rich', N'Brynn', 2, 4, NULL, NULL)
INSERT [dbo].[Students] ([StudentID], [LastName], [FirstName], [HouseID], [Year], [ElectiveOneID], [ElectiveTwoID]) VALUES (654, N'Logg', N'Lane', 1, 1, NULL, NULL)
INSERT [dbo].[Students] ([StudentID], [LastName], [FirstName], [HouseID], [Year], [ElectiveOneID], [ElectiveTwoID]) VALUES (655, N'Dogbane', N'Dane', 2, 6, NULL, NULL)
INSERT [dbo].[Students] ([StudentID], [LastName], [FirstName], [HouseID], [Year], [ElectiveOneID], [ElectiveTwoID]) VALUES (656, N'Starling', N'Dewy', 1, 4, NULL, NULL)
INSERT [dbo].[Students] ([StudentID], [LastName], [FirstName], [HouseID], [Year], [ElectiveOneID], [ElectiveTwoID]) VALUES (657, N'Goosander', N'Blaze', 4, 4, NULL, NULL)
INSERT [dbo].[Students] ([StudentID], [LastName], [FirstName], [HouseID], [Year], [ElectiveOneID], [ElectiveTwoID]) VALUES (658, N'Crabapple', N'Rain', 3, 1, NULL, NULL)
INSERT [dbo].[Students] ([StudentID], [LastName], [FirstName], [HouseID], [Year], [ElectiveOneID], [ElectiveTwoID]) VALUES (659, N'Appletree', N'Lake', 4, 7, NULL, NULL)
INSERT [dbo].[Students] ([StudentID], [LastName], [FirstName], [HouseID], [Year], [ElectiveOneID], [ElectiveTwoID]) VALUES (660, N'Roots', N'Shell', 1, 5, NULL, NULL)
INSERT [dbo].[Students] ([StudentID], [LastName], [FirstName], [HouseID], [Year], [ElectiveOneID], [ElectiveTwoID]) VALUES (661, N'Toads', N'Reed', 3, 1, NULL, NULL)
INSERT [dbo].[Students] ([StudentID], [LastName], [FirstName], [HouseID], [Year], [ElectiveOneID], [ElectiveTwoID]) VALUES (662, N'Mitten', N'Aiden', 1, 2, NULL, NULL)
INSERT [dbo].[Students] ([StudentID], [LastName], [FirstName], [HouseID], [Year], [ElectiveOneID], [ElectiveTwoID]) VALUES (663, N'Elm', N'Ashton', 3, 7, NULL, NULL)
INSERT [dbo].[Students] ([StudentID], [LastName], [FirstName], [HouseID], [Year], [ElectiveOneID], [ElectiveTwoID]) VALUES (664, N'Doe', N'Robin', 1, 6, NULL, NULL)
INSERT [dbo].[Students] ([StudentID], [LastName], [FirstName], [HouseID], [Year], [ElectiveOneID], [ElectiveTwoID]) VALUES (665, N'Medlar', N'Mell', 4, 3, NULL, NULL)
INSERT [dbo].[Students] ([StudentID], [LastName], [FirstName], [HouseID], [Year], [ElectiveOneID], [ElectiveTwoID]) VALUES (666, N'Pineneedle', N'Blaze', 3, 7, NULL, NULL)
INSERT [dbo].[Students] ([StudentID], [LastName], [FirstName], [HouseID], [Year], [ElectiveOneID], [ElectiveTwoID]) VALUES (667, N'Dots', N'Shell', 1, 4, NULL, NULL)
INSERT [dbo].[Students] ([StudentID], [LastName], [FirstName], [HouseID], [Year], [ElectiveOneID], [ElectiveTwoID]) VALUES (668, N'Firethron', N'Juniper', 1, 7, NULL, NULL)
INSERT [dbo].[Students] ([StudentID], [LastName], [FirstName], [HouseID], [Year], [ElectiveOneID], [ElectiveTwoID]) VALUES (669, N'Birch', N'Aspen', 1, 4, NULL, NULL)
INSERT [dbo].[Students] ([StudentID], [LastName], [FirstName], [HouseID], [Year], [ElectiveOneID], [ElectiveTwoID]) VALUES (670, N'Bottlebrush', N'Ember', 3, 6, NULL, NULL)
INSERT [dbo].[Students] ([StudentID], [LastName], [FirstName], [HouseID], [Year], [ElectiveOneID], [ElectiveTwoID]) VALUES (671, N'Pots', N'Sidney', 4, 5, NULL, NULL)
INSERT [dbo].[Students] ([StudentID], [LastName], [FirstName], [HouseID], [Year], [ElectiveOneID], [ElectiveTwoID]) VALUES (672, N'Hatch', N'Tanner', 2, 7, NULL, NULL)
INSERT [dbo].[Students] ([StudentID], [LastName], [FirstName], [HouseID], [Year], [ElectiveOneID], [ElectiveTwoID]) VALUES (673, N'Silverberry', N'Morgan', 2, 1, NULL, NULL)
INSERT [dbo].[Students] ([StudentID], [LastName], [FirstName], [HouseID], [Year], [ElectiveOneID], [ElectiveTwoID]) VALUES (674, N'Soots', N'Brook', 1, 1, NULL, NULL)
INSERT [dbo].[Students] ([StudentID], [LastName], [FirstName], [HouseID], [Year], [ElectiveOneID], [ElectiveTwoID]) VALUES (675, N'Pincushion', N'Jackie', 2, 6, NULL, NULL)
INSERT [dbo].[Students] ([StudentID], [LastName], [FirstName], [HouseID], [Year], [ElectiveOneID], [ElectiveTwoID]) VALUES (676, N'Poults', N'Brooke', 2, 3, NULL, NULL)
INSERT [dbo].[Students] ([StudentID], [LastName], [FirstName], [HouseID], [Year], [ElectiveOneID], [ElectiveTwoID]) VALUES (677, N'Strix', N'Jay', 3, 2, NULL, NULL)
INSERT [dbo].[Students] ([StudentID], [LastName], [FirstName], [HouseID], [Year], [ElectiveOneID], [ElectiveTwoID]) VALUES (678, N'Candlelight', N'Thyme', 3, 2, NULL, NULL)
INSERT [dbo].[Students] ([StudentID], [LastName], [FirstName], [HouseID], [Year], [ElectiveOneID], [ElectiveTwoID]) VALUES (679, N'Books', N'Gale', 3, 5, NULL, NULL)
INSERT [dbo].[Students] ([StudentID], [LastName], [FirstName], [HouseID], [Year], [ElectiveOneID], [ElectiveTwoID]) VALUES (680, N'Bucks', N'Cove', 1, 4, NULL, NULL)
INSERT [dbo].[Students] ([StudentID], [LastName], [FirstName], [HouseID], [Year], [ElectiveOneID], [ElectiveTwoID]) VALUES (681, N'Olive', N'Franky', 2, 6, NULL, NULL)
INSERT [dbo].[Students] ([StudentID], [LastName], [FirstName], [HouseID], [Year], [ElectiveOneID], [ElectiveTwoID]) VALUES (682, N'Cobweb', N'Tanner', 3, 1, NULL, NULL)
INSERT [dbo].[Students] ([StudentID], [LastName], [FirstName], [HouseID], [Year], [ElectiveOneID], [ElectiveTwoID]) VALUES (683, N'Wolfs', N'Jody', 2, 6, NULL, NULL)
INSERT [dbo].[Students] ([StudentID], [LastName], [FirstName], [HouseID], [Year], [ElectiveOneID], [ElectiveTwoID]) VALUES (684, N'Elm', N'Addison', 2, 3, NULL, NULL)
INSERT [dbo].[Students] ([StudentID], [LastName], [FirstName], [HouseID], [Year], [ElectiveOneID], [ElectiveTwoID]) VALUES (685, N'Talpin', N'Harper', 3, 7, NULL, NULL)
INSERT [dbo].[Students] ([StudentID], [LastName], [FirstName], [HouseID], [Year], [ElectiveOneID], [ElectiveTwoID]) VALUES (686, N'Goldfinch', N'River', 3, 1, NULL, NULL)
INSERT [dbo].[Students] ([StudentID], [LastName], [FirstName], [HouseID], [Year], [ElectiveOneID], [ElectiveTwoID]) VALUES (687, N'Patt', N'Cloud', 2, 1, NULL, NULL)
INSERT [dbo].[Students] ([StudentID], [LastName], [FirstName], [HouseID], [Year], [ElectiveOneID], [ElectiveTwoID]) VALUES (688, N'Shore', N'Arum', 3, 3, NULL, NULL)
INSERT [dbo].[Students] ([StudentID], [LastName], [FirstName], [HouseID], [Year], [ElectiveOneID], [ElectiveTwoID]) VALUES (689, N'Cygnet', N'Sorrel', 2, 2, NULL, NULL)
INSERT [dbo].[Students] ([StudentID], [LastName], [FirstName], [HouseID], [Year], [ElectiveOneID], [ElectiveTwoID]) VALUES (690, N'Aves', N'Mica', 4, 6, NULL, NULL)
INSERT [dbo].[Students] ([StudentID], [LastName], [FirstName], [HouseID], [Year], [ElectiveOneID], [ElectiveTwoID]) VALUES (691, N'Butters', N'Riley', 2, 4, NULL, NULL)
INSERT [dbo].[Students] ([StudentID], [LastName], [FirstName], [HouseID], [Year], [ElectiveOneID], [ElectiveTwoID]) VALUES (692, N'Griffins', N'Robin', 2, 2, NULL, NULL)
INSERT [dbo].[Students] ([StudentID], [LastName], [FirstName], [HouseID], [Year], [ElectiveOneID], [ElectiveTwoID]) VALUES (693, N'Bullwark', N'Gail', 2, 6, NULL, NULL)
INSERT [dbo].[Students] ([StudentID], [LastName], [FirstName], [HouseID], [Year], [ElectiveOneID], [ElectiveTwoID]) VALUES (694, N'Pinescrew', N'Jess', 4, 7, NULL, NULL)
INSERT [dbo].[Students] ([StudentID], [LastName], [FirstName], [HouseID], [Year], [ElectiveOneID], [ElectiveTwoID]) VALUES (695, N'Hazel', N'Carol', 3, 2, NULL, NULL)
INSERT [dbo].[Students] ([StudentID], [LastName], [FirstName], [HouseID], [Year], [ElectiveOneID], [ElectiveTwoID]) VALUES (696, N'Otters', N'Wren', 3, 1, NULL, NULL)
INSERT [dbo].[Students] ([StudentID], [LastName], [FirstName], [HouseID], [Year], [ElectiveOneID], [ElectiveTwoID]) VALUES (697, N'Hickories', N'Ginger', 1, 4, NULL, NULL)
INSERT [dbo].[Students] ([StudentID], [LastName], [FirstName], [HouseID], [Year], [ElectiveOneID], [ElectiveTwoID]) VALUES (698, N'Evergreen', N'Stormy', 3, 7, NULL, NULL)
INSERT [dbo].[Students] ([StudentID], [LastName], [FirstName], [HouseID], [Year], [ElectiveOneID], [ElectiveTwoID]) VALUES (699, N'Felide', N'Danica', 2, 7, NULL, NULL)
GO
INSERT [dbo].[Students] ([StudentID], [LastName], [FirstName], [HouseID], [Year], [ElectiveOneID], [ElectiveTwoID]) VALUES (700, N'Larch', N'Leif', 4, 2, NULL, NULL)
INSERT [dbo].[Students] ([StudentID], [LastName], [FirstName], [HouseID], [Year], [ElectiveOneID], [ElectiveTwoID]) VALUES (701, N'Willows', N'Ray', 4, 1, NULL, NULL)
INSERT [dbo].[Students] ([StudentID], [LastName], [FirstName], [HouseID], [Year], [ElectiveOneID], [ElectiveTwoID]) VALUES (702, N'Partridge', N'Rowan', 1, 4, NULL, NULL)
INSERT [dbo].[Students] ([StudentID], [LastName], [FirstName], [HouseID], [Year], [ElectiveOneID], [ElectiveTwoID]) VALUES (703, N'Dots', N'Clem', 4, 1, NULL, NULL)
INSERT [dbo].[Students] ([StudentID], [LastName], [FirstName], [HouseID], [Year], [ElectiveOneID], [ElectiveTwoID]) VALUES (704, N'Dovetail', N'Ryan', 3, 6, NULL, NULL)
INSERT [dbo].[Students] ([StudentID], [LastName], [FirstName], [HouseID], [Year], [ElectiveOneID], [ElectiveTwoID]) VALUES (705, N'Beetle', N'Brynn', 2, 5, NULL, NULL)
INSERT [dbo].[Students] ([StudentID], [LastName], [FirstName], [HouseID], [Year], [ElectiveOneID], [ElectiveTwoID]) VALUES (706, N'Lavender', N'Sol', 2, 7, NULL, NULL)
INSERT [dbo].[Students] ([StudentID], [LastName], [FirstName], [HouseID], [Year], [ElectiveOneID], [ElectiveTwoID]) VALUES (707, N'Asp', N'Blair', 2, 4, NULL, NULL)
INSERT [dbo].[Students] ([StudentID], [LastName], [FirstName], [HouseID], [Year], [ElectiveOneID], [ElectiveTwoID]) VALUES (708, N'Graytwig', N'Ember', 2, 6, NULL, NULL)
INSERT [dbo].[Students] ([StudentID], [LastName], [FirstName], [HouseID], [Year], [ElectiveOneID], [ElectiveTwoID]) VALUES (709, N'Feather', N'Starling', 3, 5, NULL, NULL)
INSERT [dbo].[Students] ([StudentID], [LastName], [FirstName], [HouseID], [Year], [ElectiveOneID], [ElectiveTwoID]) VALUES (710, N'Buttons', N'Nova', 3, 1, NULL, NULL)
INSERT [dbo].[Students] ([StudentID], [LastName], [FirstName], [HouseID], [Year], [ElectiveOneID], [ElectiveTwoID]) VALUES (711, N'Ash', N'Rowan', 1, 7, NULL, NULL)
INSERT [dbo].[Students] ([StudentID], [LastName], [FirstName], [HouseID], [Year], [ElectiveOneID], [ElectiveTwoID]) VALUES (712, N'Fern', N'Blair', 3, 1, NULL, NULL)
INSERT [dbo].[Students] ([StudentID], [LastName], [FirstName], [HouseID], [Year], [ElectiveOneID], [ElectiveTwoID]) VALUES (713, N'Knotts', N'Jamie', 4, 2, NULL, NULL)
INSERT [dbo].[Students] ([StudentID], [LastName], [FirstName], [HouseID], [Year], [ElectiveOneID], [ElectiveTwoID]) VALUES (714, N'Nightmare', N'Jesse', 2, 3, NULL, NULL)
INSERT [dbo].[Students] ([StudentID], [LastName], [FirstName], [HouseID], [Year], [ElectiveOneID], [ElectiveTwoID]) VALUES (715, N'Bunyip', N'Silver', 3, 3, NULL, NULL)
INSERT [dbo].[Students] ([StudentID], [LastName], [FirstName], [HouseID], [Year], [ElectiveOneID], [ElectiveTwoID]) VALUES (716, N'Vixen', N'Ember', 3, 5, NULL, NULL)
INSERT [dbo].[Students] ([StudentID], [LastName], [FirstName], [HouseID], [Year], [ElectiveOneID], [ElectiveTwoID]) VALUES (717, N'Cross', N'Sol', 2, 2, NULL, NULL)
INSERT [dbo].[Students] ([StudentID], [LastName], [FirstName], [HouseID], [Year], [ElectiveOneID], [ElectiveTwoID]) VALUES (718, N'Salman', N'Thyme', 3, 1, NULL, NULL)
INSERT [dbo].[Students] ([StudentID], [LastName], [FirstName], [HouseID], [Year], [ElectiveOneID], [ElectiveTwoID]) VALUES (719, N'Clocks', N'Dew', 1, 7, NULL, NULL)
INSERT [dbo].[Students] ([StudentID], [LastName], [FirstName], [HouseID], [Year], [ElectiveOneID], [ElectiveTwoID]) VALUES (720, N'Spindle', N'Leif', 4, 6, NULL, NULL)
INSERT [dbo].[Students] ([StudentID], [LastName], [FirstName], [HouseID], [Year], [ElectiveOneID], [ElectiveTwoID]) VALUES (721, N'Leon', N'Vic', 3, 7, NULL, NULL)
INSERT [dbo].[Students] ([StudentID], [LastName], [FirstName], [HouseID], [Year], [ElectiveOneID], [ElectiveTwoID]) VALUES (722, N'Doe', N'Gabby', 1, 1, NULL, NULL)
INSERT [dbo].[Students] ([StudentID], [LastName], [FirstName], [HouseID], [Year], [ElectiveOneID], [ElectiveTwoID]) VALUES (723, N'Bottlebrush', N'Mell', 4, 3, NULL, NULL)
INSERT [dbo].[Students] ([StudentID], [LastName], [FirstName], [HouseID], [Year], [ElectiveOneID], [ElectiveTwoID]) VALUES (724, N'Conifer', N'Billy', 3, 7, NULL, NULL)
INSERT [dbo].[Students] ([StudentID], [LastName], [FirstName], [HouseID], [Year], [ElectiveOneID], [ElectiveTwoID]) VALUES (725, N'Gooseberry', N'Rene', 1, 7, NULL, NULL)
INSERT [dbo].[Students] ([StudentID], [LastName], [FirstName], [HouseID], [Year], [ElectiveOneID], [ElectiveTwoID]) VALUES (726, N'Salman', N'Brier', 4, 7, NULL, NULL)
INSERT [dbo].[Students] ([StudentID], [LastName], [FirstName], [HouseID], [Year], [ElectiveOneID], [ElectiveTwoID]) VALUES (727, N'Wattle', N'Ginger', 1, 2, NULL, NULL)
INSERT [dbo].[Students] ([StudentID], [LastName], [FirstName], [HouseID], [Year], [ElectiveOneID], [ElectiveTwoID]) VALUES (728, N'Asp', N'Rowan', 1, 5, NULL, NULL)
INSERT [dbo].[Students] ([StudentID], [LastName], [FirstName], [HouseID], [Year], [ElectiveOneID], [ElectiveTwoID]) VALUES (729, N'Larch', N'Brooks', 2, 5, NULL, NULL)
INSERT [dbo].[Students] ([StudentID], [LastName], [FirstName], [HouseID], [Year], [ElectiveOneID], [ElectiveTwoID]) VALUES (730, N'Coil', N'Shale', 3, 5, NULL, NULL)
INSERT [dbo].[Students] ([StudentID], [LastName], [FirstName], [HouseID], [Year], [ElectiveOneID], [ElectiveTwoID]) VALUES (731, N'Twig', N'Jackie', 3, 2, NULL, NULL)
INSERT [dbo].[Students] ([StudentID], [LastName], [FirstName], [HouseID], [Year], [ElectiveOneID], [ElectiveTwoID]) VALUES (732, N'Pertinger', N'Carmen', 1, 6, NULL, NULL)
INSERT [dbo].[Students] ([StudentID], [LastName], [FirstName], [HouseID], [Year], [ElectiveOneID], [ElectiveTwoID]) VALUES (733, N'Knotts', N'Phoenix', 3, 7, NULL, NULL)
INSERT [dbo].[Students] ([StudentID], [LastName], [FirstName], [HouseID], [Year], [ElectiveOneID], [ElectiveTwoID]) VALUES (734, N'Nightshade', N'Raylee', 1, 5, NULL, NULL)
INSERT [dbo].[Students] ([StudentID], [LastName], [FirstName], [HouseID], [Year], [ElectiveOneID], [ElectiveTwoID]) VALUES (735, N'Juneberry', N'Justice', 3, 4, NULL, NULL)
INSERT [dbo].[Students] ([StudentID], [LastName], [FirstName], [HouseID], [Year], [ElectiveOneID], [ElectiveTwoID]) VALUES (736, N'Griffin', N'Bramble', 1, 7, NULL, NULL)
INSERT [dbo].[Students] ([StudentID], [LastName], [FirstName], [HouseID], [Year], [ElectiveOneID], [ElectiveTwoID]) VALUES (737, N'Riddle', N'Indigo', 3, 2, NULL, NULL)
INSERT [dbo].[Students] ([StudentID], [LastName], [FirstName], [HouseID], [Year], [ElectiveOneID], [ElectiveTwoID]) VALUES (738, N'Dots', N'Mango', 4, 7, NULL, NULL)
INSERT [dbo].[Students] ([StudentID], [LastName], [FirstName], [HouseID], [Year], [ElectiveOneID], [ElectiveTwoID]) VALUES (739, N'Cycad', N'Spruce', 3, 2, NULL, NULL)
INSERT [dbo].[Students] ([StudentID], [LastName], [FirstName], [HouseID], [Year], [ElectiveOneID], [ElectiveTwoID]) VALUES (740, N'Hazel', N'Crescent', 1, 7, NULL, NULL)
INSERT [dbo].[Students] ([StudentID], [LastName], [FirstName], [HouseID], [Year], [ElectiveOneID], [ElectiveTwoID]) VALUES (741, N'Buckthorn', N'Ryan', 1, 3, NULL, NULL)
INSERT [dbo].[Students] ([StudentID], [LastName], [FirstName], [HouseID], [Year], [ElectiveOneID], [ElectiveTwoID]) VALUES (742, N'Wolpers', N'Skylar', 4, 6, NULL, NULL)
INSERT [dbo].[Students] ([StudentID], [LastName], [FirstName], [HouseID], [Year], [ElectiveOneID], [ElectiveTwoID]) VALUES (743, N'Fingerling', N'Justice', 2, 3, NULL, NULL)
INSERT [dbo].[Students] ([StudentID], [LastName], [FirstName], [HouseID], [Year], [ElectiveOneID], [ElectiveTwoID]) VALUES (744, N'Loriss', N'Denny', 1, 7, NULL, NULL)
INSERT [dbo].[Students] ([StudentID], [LastName], [FirstName], [HouseID], [Year], [ElectiveOneID], [ElectiveTwoID]) VALUES (745, N'Polliwog', N'Lynn', 2, 4, NULL, NULL)
INSERT [dbo].[Students] ([StudentID], [LastName], [FirstName], [HouseID], [Year], [ElectiveOneID], [ElectiveTwoID]) VALUES (746, N'Dots', N'Spruce', 3, 1, NULL, NULL)
INSERT [dbo].[Students] ([StudentID], [LastName], [FirstName], [HouseID], [Year], [ElectiveOneID], [ElectiveTwoID]) VALUES (747, N'Fourpetal', N'Danika', 4, 6, NULL, NULL)
INSERT [dbo].[Students] ([StudentID], [LastName], [FirstName], [HouseID], [Year], [ElectiveOneID], [ElectiveTwoID]) VALUES (748, N'Silverberry', N'Gale', 4, 5, NULL, NULL)
INSERT [dbo].[Students] ([StudentID], [LastName], [FirstName], [HouseID], [Year], [ElectiveOneID], [ElectiveTwoID]) VALUES (749, N'Flower', N'Ash', 2, 7, NULL, NULL)
INSERT [dbo].[Students] ([StudentID], [LastName], [FirstName], [HouseID], [Year], [ElectiveOneID], [ElectiveTwoID]) VALUES (750, N'Gnats', N'Linden', 1, 3, NULL, NULL)
INSERT [dbo].[Students] ([StudentID], [LastName], [FirstName], [HouseID], [Year], [ElectiveOneID], [ElectiveTwoID]) VALUES (751, N'Fledgling', N'Tanner', 2, 2, NULL, NULL)
INSERT [dbo].[Students] ([StudentID], [LastName], [FirstName], [HouseID], [Year], [ElectiveOneID], [ElectiveTwoID]) VALUES (752, N'Conifer', N'Brett', 2, 1, NULL, NULL)
INSERT [dbo].[Students] ([StudentID], [LastName], [FirstName], [HouseID], [Year], [ElectiveOneID], [ElectiveTwoID]) VALUES (753, N'Fogs', N'Jaden', 3, 7, NULL, NULL)
INSERT [dbo].[Students] ([StudentID], [LastName], [FirstName], [HouseID], [Year], [ElectiveOneID], [ElectiveTwoID]) VALUES (754, N'Ravens', N'Bennie', 4, 3, NULL, NULL)
INSERT [dbo].[Students] ([StudentID], [LastName], [FirstName], [HouseID], [Year], [ElectiveOneID], [ElectiveTwoID]) VALUES (755, N'Firethron', N'Fran', 3, 5, NULL, NULL)
INSERT [dbo].[Students] ([StudentID], [LastName], [FirstName], [HouseID], [Year], [ElectiveOneID], [ElectiveTwoID]) VALUES (756, N'Boots', N'Fen', 3, 4, NULL, NULL)
INSERT [dbo].[Students] ([StudentID], [LastName], [FirstName], [HouseID], [Year], [ElectiveOneID], [ElectiveTwoID]) VALUES (757, N'Antwork', N'Cedar', 3, 2, NULL, NULL)
INSERT [dbo].[Students] ([StudentID], [LastName], [FirstName], [HouseID], [Year], [ElectiveOneID], [ElectiveTwoID]) VALUES (758, N'Crabapple', N'Glenn', 3, 7, NULL, NULL)
INSERT [dbo].[Students] ([StudentID], [LastName], [FirstName], [HouseID], [Year], [ElectiveOneID], [ElectiveTwoID]) VALUES (759, N'Tadpole', N'Jordan', 4, 1, NULL, NULL)
INSERT [dbo].[Students] ([StudentID], [LastName], [FirstName], [HouseID], [Year], [ElectiveOneID], [ElectiveTwoID]) VALUES (760, N'Lyre', N'Cayenne', 2, 1, NULL, NULL)
INSERT [dbo].[Students] ([StudentID], [LastName], [FirstName], [HouseID], [Year], [ElectiveOneID], [ElectiveTwoID]) VALUES (761, N'Mandrake', N'Drew', 4, 7, NULL, NULL)
INSERT [dbo].[Students] ([StudentID], [LastName], [FirstName], [HouseID], [Year], [ElectiveOneID], [ElectiveTwoID]) VALUES (762, N'Borealis', N'Bennie', 2, 5, NULL, NULL)
INSERT [dbo].[Students] ([StudentID], [LastName], [FirstName], [HouseID], [Year], [ElectiveOneID], [ElectiveTwoID]) VALUES (763, N'Crabapple', N'Alexis', 2, 1, NULL, NULL)
INSERT [dbo].[Students] ([StudentID], [LastName], [FirstName], [HouseID], [Year], [ElectiveOneID], [ElectiveTwoID]) VALUES (764, N'Stems', N'Jaime', 4, 5, NULL, NULL)
INSERT [dbo].[Students] ([StudentID], [LastName], [FirstName], [HouseID], [Year], [ElectiveOneID], [ElectiveTwoID]) VALUES (765, N'Clockwork', N'Jude', 3, 4, NULL, NULL)
INSERT [dbo].[Students] ([StudentID], [LastName], [FirstName], [HouseID], [Year], [ElectiveOneID], [ElectiveTwoID]) VALUES (766, N'Talpin', N'Sage', 3, 2, NULL, NULL)
INSERT [dbo].[Students] ([StudentID], [LastName], [FirstName], [HouseID], [Year], [ElectiveOneID], [ElectiveTwoID]) VALUES (767, N'Cork', N'Dusk', 3, 4, NULL, NULL)
INSERT [dbo].[Students] ([StudentID], [LastName], [FirstName], [HouseID], [Year], [ElectiveOneID], [ElectiveTwoID]) VALUES (768, N'Starling', N'Storm', 3, 5, NULL, NULL)
INSERT [dbo].[Students] ([StudentID], [LastName], [FirstName], [HouseID], [Year], [ElectiveOneID], [ElectiveTwoID]) VALUES (769, N'Buttons', N'Brooks', 2, 4, NULL, NULL)
INSERT [dbo].[Students] ([StudentID], [LastName], [FirstName], [HouseID], [Year], [ElectiveOneID], [ElectiveTwoID]) VALUES (770, N'Oakwood', N'Laurel', 2, 5, NULL, NULL)
INSERT [dbo].[Students] ([StudentID], [LastName], [FirstName], [HouseID], [Year], [ElectiveOneID], [ElectiveTwoID]) VALUES (771, N'Ravens', N'Leigh', 3, 6, NULL, NULL)
INSERT [dbo].[Students] ([StudentID], [LastName], [FirstName], [HouseID], [Year], [ElectiveOneID], [ElectiveTwoID]) VALUES (772, N'Minks', N'Chris', 2, 5, NULL, NULL)
INSERT [dbo].[Students] ([StudentID], [LastName], [FirstName], [HouseID], [Year], [ElectiveOneID], [ElectiveTwoID]) VALUES (773, N'Owler', N'Aaren', 3, 1, NULL, NULL)
INSERT [dbo].[Students] ([StudentID], [LastName], [FirstName], [HouseID], [Year], [ElectiveOneID], [ElectiveTwoID]) VALUES (774, N'Nightingale', N'Sidney', 4, 4, NULL, NULL)
INSERT [dbo].[Students] ([StudentID], [LastName], [FirstName], [HouseID], [Year], [ElectiveOneID], [ElectiveTwoID]) VALUES (775, N'Draguar', N'Terry', 3, 5, NULL, NULL)
INSERT [dbo].[Students] ([StudentID], [LastName], [FirstName], [HouseID], [Year], [ElectiveOneID], [ElectiveTwoID]) VALUES (776, N'Hazel', N'Angel', 2, 2, NULL, NULL)
INSERT [dbo].[Students] ([StudentID], [LastName], [FirstName], [HouseID], [Year], [ElectiveOneID], [ElectiveTwoID]) VALUES (777, N'Craft', N'Bird', 1, 7, NULL, NULL)
INSERT [dbo].[Students] ([StudentID], [LastName], [FirstName], [HouseID], [Year], [ElectiveOneID], [ElectiveTwoID]) VALUES (778, N'Gorgon', N'Yarrow', 2, 3, NULL, NULL)
INSERT [dbo].[Students] ([StudentID], [LastName], [FirstName], [HouseID], [Year], [ElectiveOneID], [ElectiveTwoID]) VALUES (779, N'Fledgling', N'Silver', 2, 6, NULL, NULL)
INSERT [dbo].[Students] ([StudentID], [LastName], [FirstName], [HouseID], [Year], [ElectiveOneID], [ElectiveTwoID]) VALUES (780, N'Yetis', N'Fern', 4, 5, NULL, NULL)
INSERT [dbo].[Students] ([StudentID], [LastName], [FirstName], [HouseID], [Year], [ElectiveOneID], [ElectiveTwoID]) VALUES (781, N'Mallow', N'Skye', 4, 1, NULL, NULL)
INSERT [dbo].[Students] ([StudentID], [LastName], [FirstName], [HouseID], [Year], [ElectiveOneID], [ElectiveTwoID]) VALUES (782, N'Horsetail', N'Taylor', 4, 6, NULL, NULL)
INSERT [dbo].[Students] ([StudentID], [LastName], [FirstName], [HouseID], [Year], [ElectiveOneID], [ElectiveTwoID]) VALUES (783, N'Boots', N'Tanner', 3, 1, NULL, NULL)
INSERT [dbo].[Students] ([StudentID], [LastName], [FirstName], [HouseID], [Year], [ElectiveOneID], [ElectiveTwoID]) VALUES (784, N'Rich', N'Lee', 3, 1, NULL, NULL)
INSERT [dbo].[Students] ([StudentID], [LastName], [FirstName], [HouseID], [Year], [ElectiveOneID], [ElectiveTwoID]) VALUES (785, N'Slumber', N'Gabe', 3, 2, NULL, NULL)
INSERT [dbo].[Students] ([StudentID], [LastName], [FirstName], [HouseID], [Year], [ElectiveOneID], [ElectiveTwoID]) VALUES (786, N'Gnats', N'Thyme', 1, 1, NULL, NULL)
INSERT [dbo].[Students] ([StudentID], [LastName], [FirstName], [HouseID], [Year], [ElectiveOneID], [ElectiveTwoID]) VALUES (787, N'Plums', N'Sky', 1, 1, NULL, NULL)
INSERT [dbo].[Students] ([StudentID], [LastName], [FirstName], [HouseID], [Year], [ElectiveOneID], [ElectiveTwoID]) VALUES (788, N'Hawks', N'Danica', 3, 4, NULL, NULL)
INSERT [dbo].[Students] ([StudentID], [LastName], [FirstName], [HouseID], [Year], [ElectiveOneID], [ElectiveTwoID]) VALUES (789, N'Everglade', N'Jay', 3, 7, NULL, NULL)
INSERT [dbo].[Students] ([StudentID], [LastName], [FirstName], [HouseID], [Year], [ElectiveOneID], [ElectiveTwoID]) VALUES (790, N'Night', N'Bramble', 1, 6, NULL, NULL)
INSERT [dbo].[Students] ([StudentID], [LastName], [FirstName], [HouseID], [Year], [ElectiveOneID], [ElectiveTwoID]) VALUES (791, N'Bitterwood', N'Denny', 2, 7, NULL, NULL)
INSERT [dbo].[Students] ([StudentID], [LastName], [FirstName], [HouseID], [Year], [ElectiveOneID], [ElectiveTwoID]) VALUES (792, N'Sweetleaf', N'Glenn', 4, 3, NULL, NULL)
INSERT [dbo].[Students] ([StudentID], [LastName], [FirstName], [HouseID], [Year], [ElectiveOneID], [ElectiveTwoID]) VALUES (793, N'Stripes', N'Jo', 1, 2, NULL, NULL)
INSERT [dbo].[Students] ([StudentID], [LastName], [FirstName], [HouseID], [Year], [ElectiveOneID], [ElectiveTwoID]) VALUES (794, N'Batt', N'Aiden', 4, 5, NULL, NULL)
INSERT [dbo].[Students] ([StudentID], [LastName], [FirstName], [HouseID], [Year], [ElectiveOneID], [ElectiveTwoID]) VALUES (795, N'Strongbark', N'Franky', 4, 1, NULL, NULL)
INSERT [dbo].[Students] ([StudentID], [LastName], [FirstName], [HouseID], [Year], [ElectiveOneID], [ElectiveTwoID]) VALUES (796, N'Heron', N'Rowan', 2, 3, NULL, NULL)
INSERT [dbo].[Students] ([StudentID], [LastName], [FirstName], [HouseID], [Year], [ElectiveOneID], [ElectiveTwoID]) VALUES (797, N'Wattle', N'Clay', 1, 1, NULL, NULL)
INSERT [dbo].[Students] ([StudentID], [LastName], [FirstName], [HouseID], [Year], [ElectiveOneID], [ElectiveTwoID]) VALUES (798, N'Hinde', N'Shell', 1, 5, NULL, NULL)
INSERT [dbo].[Students] ([StudentID], [LastName], [FirstName], [HouseID], [Year], [ElectiveOneID], [ElectiveTwoID]) VALUES (799, N'Evergreen', N'Dakota', 3, 2, NULL, NULL)
GO
INSERT [dbo].[Students] ([StudentID], [LastName], [FirstName], [HouseID], [Year], [ElectiveOneID], [ElectiveTwoID]) VALUES (800, N'Patt', N'Briar', 4, 3, NULL, NULL)
INSERT [dbo].[Students] ([StudentID], [LastName], [FirstName], [HouseID], [Year], [ElectiveOneID], [ElectiveTwoID]) VALUES (801, N'Aves', N'Carmen', 1, 3, NULL, NULL)
INSERT [dbo].[Students] ([StudentID], [LastName], [FirstName], [HouseID], [Year], [ElectiveOneID], [ElectiveTwoID]) VALUES (802, N'Sands', N'Kit', 1, 1, NULL, NULL)
INSERT [dbo].[Students] ([StudentID], [LastName], [FirstName], [HouseID], [Year], [ElectiveOneID], [ElectiveTwoID]) VALUES (803, N'Phoenix', N'Fran', 4, 6, NULL, NULL)
INSERT [dbo].[Students] ([StudentID], [LastName], [FirstName], [HouseID], [Year], [ElectiveOneID], [ElectiveTwoID]) VALUES (804, N'Felide', N'Rory', 2, 3, NULL, NULL)
INSERT [dbo].[Students] ([StudentID], [LastName], [FirstName], [HouseID], [Year], [ElectiveOneID], [ElectiveTwoID]) VALUES (805, N'Strix', N'Ashley', 4, 6, NULL, NULL)
INSERT [dbo].[Students] ([StudentID], [LastName], [FirstName], [HouseID], [Year], [ElectiveOneID], [ElectiveTwoID]) VALUES (806, N'Bullwark', N'Jay', 4, 2, NULL, NULL)
INSERT [dbo].[Students] ([StudentID], [LastName], [FirstName], [HouseID], [Year], [ElectiveOneID], [ElectiveTwoID]) VALUES (807, N'Crow', N'Dakota', 3, 4, NULL, NULL)
INSERT [dbo].[Students] ([StudentID], [LastName], [FirstName], [HouseID], [Year], [ElectiveOneID], [ElectiveTwoID]) VALUES (808, N'Buckling', N'Kale', 4, 2, NULL, NULL)
INSERT [dbo].[Students] ([StudentID], [LastName], [FirstName], [HouseID], [Year], [ElectiveOneID], [ElectiveTwoID]) VALUES (809, N'Cornus', N'Clove', 3, 3, NULL, NULL)
INSERT [dbo].[Students] ([StudentID], [LastName], [FirstName], [HouseID], [Year], [ElectiveOneID], [ElectiveTwoID]) VALUES (810, N'Fauns', N'Lazuli', 2, 7, NULL, NULL)
INSERT [dbo].[Students] ([StudentID], [LastName], [FirstName], [HouseID], [Year], [ElectiveOneID], [ElectiveTwoID]) VALUES (811, N'Antwork', N'Lesley', 3, 5, NULL, NULL)
INSERT [dbo].[Students] ([StudentID], [LastName], [FirstName], [HouseID], [Year], [ElectiveOneID], [ElectiveTwoID]) VALUES (812, N'Boots', N'Blair', 1, 6, NULL, NULL)
INSERT [dbo].[Students] ([StudentID], [LastName], [FirstName], [HouseID], [Year], [ElectiveOneID], [ElectiveTwoID]) VALUES (813, N'Aves', N'Steff', 1, 6, NULL, NULL)
INSERT [dbo].[Students] ([StudentID], [LastName], [FirstName], [HouseID], [Year], [ElectiveOneID], [ElectiveTwoID]) VALUES (814, N'Heron', N'Lane', 1, 3, NULL, NULL)
INSERT [dbo].[Students] ([StudentID], [LastName], [FirstName], [HouseID], [Year], [ElectiveOneID], [ElectiveTwoID]) VALUES (815, N'Beehive', N'Raylee', 1, 3, NULL, NULL)
INSERT [dbo].[Students] ([StudentID], [LastName], [FirstName], [HouseID], [Year], [ElectiveOneID], [ElectiveTwoID]) VALUES (816, N'Griffin', N'Phoenix', 3, 1, NULL, NULL)
INSERT [dbo].[Students] ([StudentID], [LastName], [FirstName], [HouseID], [Year], [ElectiveOneID], [ElectiveTwoID]) VALUES (817, N'Beaverdam', N'Reef', 3, 6, NULL, NULL)
INSERT [dbo].[Students] ([StudentID], [LastName], [FirstName], [HouseID], [Year], [ElectiveOneID], [ElectiveTwoID]) VALUES (818, N'Conifer', N'Cloud', 1, 6, NULL, NULL)
INSERT [dbo].[Students] ([StudentID], [LastName], [FirstName], [HouseID], [Year], [ElectiveOneID], [ElectiveTwoID]) VALUES (819, N'Books', N'Aster', 4, 6, NULL, NULL)
INSERT [dbo].[Students] ([StudentID], [LastName], [FirstName], [HouseID], [Year], [ElectiveOneID], [ElectiveTwoID]) VALUES (820, N'Beetle', N'Nova', 2, 5, NULL, NULL)
INSERT [dbo].[Students] ([StudentID], [LastName], [FirstName], [HouseID], [Year], [ElectiveOneID], [ElectiveTwoID]) VALUES (821, N'Reynards', N'Danni', 4, 3, NULL, NULL)
INSERT [dbo].[Students] ([StudentID], [LastName], [FirstName], [HouseID], [Year], [ElectiveOneID], [ElectiveTwoID]) VALUES (822, N'Grace', N'Ash', 2, 5, NULL, NULL)
INSERT [dbo].[Students] ([StudentID], [LastName], [FirstName], [HouseID], [Year], [ElectiveOneID], [ElectiveTwoID]) VALUES (823, N'Arbutus', N'Glenn', 3, 7, NULL, NULL)
INSERT [dbo].[Students] ([StudentID], [LastName], [FirstName], [HouseID], [Year], [ElectiveOneID], [ElectiveTwoID]) VALUES (824, N'Juniper', N'Ryan', 4, 4, NULL, NULL)
INSERT [dbo].[Students] ([StudentID], [LastName], [FirstName], [HouseID], [Year], [ElectiveOneID], [ElectiveTwoID]) VALUES (825, N'Conebush', N'Jesse', 2, 2, NULL, NULL)
INSERT [dbo].[Students] ([StudentID], [LastName], [FirstName], [HouseID], [Year], [ElectiveOneID], [ElectiveTwoID]) VALUES (826, N'Selpie', N'Dew', 4, 3, NULL, NULL)
INSERT [dbo].[Students] ([StudentID], [LastName], [FirstName], [HouseID], [Year], [ElectiveOneID], [ElectiveTwoID]) VALUES (827, N'Mallow', N'Cedar', 4, 6, NULL, NULL)
INSERT [dbo].[Students] ([StudentID], [LastName], [FirstName], [HouseID], [Year], [ElectiveOneID], [ElectiveTwoID]) VALUES (828, N'Tadpole', N'River', 3, 1, NULL, NULL)
INSERT [dbo].[Students] ([StudentID], [LastName], [FirstName], [HouseID], [Year], [ElectiveOneID], [ElectiveTwoID]) VALUES (829, N'Corals', N'Lake', 3, 3, NULL, NULL)
INSERT [dbo].[Students] ([StudentID], [LastName], [FirstName], [HouseID], [Year], [ElectiveOneID], [ElectiveTwoID]) VALUES (830, N'Colten', N'Dusty', 2, 3, NULL, NULL)
INSERT [dbo].[Students] ([StudentID], [LastName], [FirstName], [HouseID], [Year], [ElectiveOneID], [ElectiveTwoID]) VALUES (831, N'Elms', N'Charlie', 2, 3, NULL, NULL)
INSERT [dbo].[Students] ([StudentID], [LastName], [FirstName], [HouseID], [Year], [ElectiveOneID], [ElectiveTwoID]) VALUES (832, N'Bullwark', N'Ashton', 1, 4, NULL, NULL)
INSERT [dbo].[Students] ([StudentID], [LastName], [FirstName], [HouseID], [Year], [ElectiveOneID], [ElectiveTwoID]) VALUES (833, N'Plums', N'Carmen', 4, 4, NULL, NULL)
INSERT [dbo].[Students] ([StudentID], [LastName], [FirstName], [HouseID], [Year], [ElectiveOneID], [ElectiveTwoID]) VALUES (834, N'Hornbeam', N'Bailey', 1, 7, NULL, NULL)
INSERT [dbo].[Students] ([StudentID], [LastName], [FirstName], [HouseID], [Year], [ElectiveOneID], [ElectiveTwoID]) VALUES (835, N'Twig', N'Steff', 3, 7, NULL, NULL)
INSERT [dbo].[Students] ([StudentID], [LastName], [FirstName], [HouseID], [Year], [ElectiveOneID], [ElectiveTwoID]) VALUES (836, N'Biscus', N'Lazuli', 4, 1, NULL, NULL)
INSERT [dbo].[Students] ([StudentID], [LastName], [FirstName], [HouseID], [Year], [ElectiveOneID], [ElectiveTwoID]) VALUES (837, N'Dime', N'Sol', 1, 2, NULL, NULL)
INSERT [dbo].[Students] ([StudentID], [LastName], [FirstName], [HouseID], [Year], [ElectiveOneID], [ElectiveTwoID]) VALUES (838, N'Light', N'Brooks', 2, 7, NULL, NULL)
INSERT [dbo].[Students] ([StudentID], [LastName], [FirstName], [HouseID], [Year], [ElectiveOneID], [ElectiveTwoID]) VALUES (839, N'Rook', N'Clay', 3, 3, NULL, NULL)
INSERT [dbo].[Students] ([StudentID], [LastName], [FirstName], [HouseID], [Year], [ElectiveOneID], [ElectiveTwoID]) VALUES (840, N'Knotts', N'Lake', 2, 4, NULL, NULL)
INSERT [dbo].[Students] ([StudentID], [LastName], [FirstName], [HouseID], [Year], [ElectiveOneID], [ElectiveTwoID]) VALUES (841, N'Caprine', N'Noel', 2, 4, NULL, NULL)
INSERT [dbo].[Students] ([StudentID], [LastName], [FirstName], [HouseID], [Year], [ElectiveOneID], [ElectiveTwoID]) VALUES (842, N'Flame', N'Silver', 3, 7, NULL, NULL)
INSERT [dbo].[Students] ([StudentID], [LastName], [FirstName], [HouseID], [Year], [ElectiveOneID], [ElectiveTwoID]) VALUES (843, N'Poisonwood', N'Ali', 2, 1, NULL, NULL)
INSERT [dbo].[Students] ([StudentID], [LastName], [FirstName], [HouseID], [Year], [ElectiveOneID], [ElectiveTwoID]) VALUES (844, N'Cowbell', N'Rudy', 1, 5, NULL, NULL)
INSERT [dbo].[Students] ([StudentID], [LastName], [FirstName], [HouseID], [Year], [ElectiveOneID], [ElectiveTwoID]) VALUES (845, N'Oleander', N'Robin', 2, 2, NULL, NULL)
INSERT [dbo].[Students] ([StudentID], [LastName], [FirstName], [HouseID], [Year], [ElectiveOneID], [ElectiveTwoID]) VALUES (846, N'Orchids', N'Shell', 1, 3, NULL, NULL)
INSERT [dbo].[Students] ([StudentID], [LastName], [FirstName], [HouseID], [Year], [ElectiveOneID], [ElectiveTwoID]) VALUES (847, N'Bullwark', N'Ember', 3, 4, NULL, NULL)
INSERT [dbo].[Students] ([StudentID], [LastName], [FirstName], [HouseID], [Year], [ElectiveOneID], [ElectiveTwoID]) VALUES (848, N'Medlar', N'Reef', 4, 6, NULL, NULL)
INSERT [dbo].[Students] ([StudentID], [LastName], [FirstName], [HouseID], [Year], [ElectiveOneID], [ElectiveTwoID]) VALUES (849, N'Marble', N'Winter', 2, 6, NULL, NULL)
INSERT [dbo].[Students] ([StudentID], [LastName], [FirstName], [HouseID], [Year], [ElectiveOneID], [ElectiveTwoID]) VALUES (850, N'Fledgling', N'Sorrel', 1, 4, NULL, NULL)
INSERT [dbo].[Students] ([StudentID], [LastName], [FirstName], [HouseID], [Year], [ElectiveOneID], [ElectiveTwoID]) VALUES (851, N'Gold', N'Skylar', 2, 1, NULL, NULL)
INSERT [dbo].[Students] ([StudentID], [LastName], [FirstName], [HouseID], [Year], [ElectiveOneID], [ElectiveTwoID]) VALUES (852, N'Mallard', N'Jo', 3, 3, NULL, NULL)
INSERT [dbo].[Students] ([StudentID], [LastName], [FirstName], [HouseID], [Year], [ElectiveOneID], [ElectiveTwoID]) VALUES (853, N'Crane', N'Robin', 3, 3, NULL, NULL)
INSERT [dbo].[Students] ([StudentID], [LastName], [FirstName], [HouseID], [Year], [ElectiveOneID], [ElectiveTwoID]) VALUES (854, N'Lavender', N'Terry', 3, 7, NULL, NULL)
INSERT [dbo].[Students] ([StudentID], [LastName], [FirstName], [HouseID], [Year], [ElectiveOneID], [ElectiveTwoID]) VALUES (855, N'Bovin', N'Fran', 2, 2, NULL, NULL)
INSERT [dbo].[Students] ([StudentID], [LastName], [FirstName], [HouseID], [Year], [ElectiveOneID], [ElectiveTwoID]) VALUES (856, N'Marble', N'Dusk', 4, 7, NULL, NULL)
INSERT [dbo].[Students] ([StudentID], [LastName], [FirstName], [HouseID], [Year], [ElectiveOneID], [ElectiveTwoID]) VALUES (857, N'Bags', N'Ice', 2, 4, NULL, NULL)
INSERT [dbo].[Students] ([StudentID], [LastName], [FirstName], [HouseID], [Year], [ElectiveOneID], [ElectiveTwoID]) VALUES (858, N'Locket', N'Danica', 3, 3, NULL, NULL)
INSERT [dbo].[Students] ([StudentID], [LastName], [FirstName], [HouseID], [Year], [ElectiveOneID], [ElectiveTwoID]) VALUES (859, N'Clockwork', N'Azure', 4, 3, NULL, NULL)
INSERT [dbo].[Students] ([StudentID], [LastName], [FirstName], [HouseID], [Year], [ElectiveOneID], [ElectiveTwoID]) VALUES (860, N'Buttons', N'Raine', 2, 1, NULL, NULL)
INSERT [dbo].[Students] ([StudentID], [LastName], [FirstName], [HouseID], [Year], [ElectiveOneID], [ElectiveTwoID]) VALUES (861, N'Arbutus', N'Addison', 4, 1, NULL, NULL)
INSERT [dbo].[Students] ([StudentID], [LastName], [FirstName], [HouseID], [Year], [ElectiveOneID], [ElectiveTwoID]) VALUES (862, N'Minks', N'Brice', 1, 7, NULL, NULL)
INSERT [dbo].[Students] ([StudentID], [LastName], [FirstName], [HouseID], [Year], [ElectiveOneID], [ElectiveTwoID]) VALUES (863, N'Oliver', N'Alexis', 1, 7, NULL, NULL)
INSERT [dbo].[Students] ([StudentID], [LastName], [FirstName], [HouseID], [Year], [ElectiveOneID], [ElectiveTwoID]) VALUES (864, N'Bags', N'Caden', 4, 4, NULL, NULL)
INSERT [dbo].[Students] ([StudentID], [LastName], [FirstName], [HouseID], [Year], [ElectiveOneID], [ElectiveTwoID]) VALUES (865, N'Sweaters', N'Skylar', 3, 2, NULL, NULL)
INSERT [dbo].[Students] ([StudentID], [LastName], [FirstName], [HouseID], [Year], [ElectiveOneID], [ElectiveTwoID]) VALUES (866, N'Stems', N'Ember', 1, 7, NULL, NULL)
INSERT [dbo].[Students] ([StudentID], [LastName], [FirstName], [HouseID], [Year], [ElectiveOneID], [ElectiveTwoID]) VALUES (867, N'Newts', N'Arum', 1, 2, NULL, NULL)
INSERT [dbo].[Students] ([StudentID], [LastName], [FirstName], [HouseID], [Year], [ElectiveOneID], [ElectiveTwoID]) VALUES (868, N'Pets', N'Nova', 3, 1, NULL, NULL)
INSERT [dbo].[Students] ([StudentID], [LastName], [FirstName], [HouseID], [Year], [ElectiveOneID], [ElectiveTwoID]) VALUES (869, N'Capricorn', N'Ash', 3, 1, NULL, NULL)
INSERT [dbo].[Students] ([StudentID], [LastName], [FirstName], [HouseID], [Year], [ElectiveOneID], [ElectiveTwoID]) VALUES (870, N'Mole', N'Briar', 3, 4, NULL, NULL)
INSERT [dbo].[Students] ([StudentID], [LastName], [FirstName], [HouseID], [Year], [ElectiveOneID], [ElectiveTwoID]) VALUES (871, N'Hinde', N'Bailey', 3, 1, NULL, NULL)
INSERT [dbo].[Students] ([StudentID], [LastName], [FirstName], [HouseID], [Year], [ElectiveOneID], [ElectiveTwoID]) VALUES (872, N'Serpen', N'Kiran', 2, 1, NULL, NULL)
INSERT [dbo].[Students] ([StudentID], [LastName], [FirstName], [HouseID], [Year], [ElectiveOneID], [ElectiveTwoID]) VALUES (873, N'Borealis', N'Jaime', 2, 7, NULL, NULL)
INSERT [dbo].[Students] ([StudentID], [LastName], [FirstName], [HouseID], [Year], [ElectiveOneID], [ElectiveTwoID]) VALUES (874, N'Buttons', N'Kiran', 4, 4, NULL, NULL)
INSERT [dbo].[Students] ([StudentID], [LastName], [FirstName], [HouseID], [Year], [ElectiveOneID], [ElectiveTwoID]) VALUES (875, N'Flame', N'Blake', 1, 7, NULL, NULL)
INSERT [dbo].[Students] ([StudentID], [LastName], [FirstName], [HouseID], [Year], [ElectiveOneID], [ElectiveTwoID]) VALUES (876, N'Mallow', N'Leaf', 3, 2, NULL, NULL)
INSERT [dbo].[Students] ([StudentID], [LastName], [FirstName], [HouseID], [Year], [ElectiveOneID], [ElectiveTwoID]) VALUES (877, N'Beetle', N'Oleander', 4, 6, NULL, NULL)
INSERT [dbo].[Students] ([StudentID], [LastName], [FirstName], [HouseID], [Year], [ElectiveOneID], [ElectiveTwoID]) VALUES (878, N'Slumber', N'Dewy', 3, 7, NULL, NULL)
INSERT [dbo].[Students] ([StudentID], [LastName], [FirstName], [HouseID], [Year], [ElectiveOneID], [ElectiveTwoID]) VALUES (879, N'Fluke', N'Lark', 1, 7, NULL, NULL)
INSERT [dbo].[Students] ([StudentID], [LastName], [FirstName], [HouseID], [Year], [ElectiveOneID], [ElectiveTwoID]) VALUES (880, N'Feather', N'Linden', 4, 6, NULL, NULL)
INSERT [dbo].[Students] ([StudentID], [LastName], [FirstName], [HouseID], [Year], [ElectiveOneID], [ElectiveTwoID]) VALUES (881, N'Sow', N'Steff', 2, 6, NULL, NULL)
INSERT [dbo].[Students] ([StudentID], [LastName], [FirstName], [HouseID], [Year], [ElectiveOneID], [ElectiveTwoID]) VALUES (882, N'Lambkins', N'Steff', 3, 4, NULL, NULL)
INSERT [dbo].[Students] ([StudentID], [LastName], [FirstName], [HouseID], [Year], [ElectiveOneID], [ElectiveTwoID]) VALUES (883, N'Yetis', N'Alex', 1, 1, NULL, NULL)
INSERT [dbo].[Students] ([StudentID], [LastName], [FirstName], [HouseID], [Year], [ElectiveOneID], [ElectiveTwoID]) VALUES (884, N'Hazel', N'Glen', 1, 4, NULL, NULL)
INSERT [dbo].[Students] ([StudentID], [LastName], [FirstName], [HouseID], [Year], [ElectiveOneID], [ElectiveTwoID]) VALUES (885, N'Doe', N'Harley', 3, 1, NULL, NULL)
INSERT [dbo].[Students] ([StudentID], [LastName], [FirstName], [HouseID], [Year], [ElectiveOneID], [ElectiveTwoID]) VALUES (886, N'Hummingbird', N'Stormy', 3, 7, NULL, NULL)
INSERT [dbo].[Students] ([StudentID], [LastName], [FirstName], [HouseID], [Year], [ElectiveOneID], [ElectiveTwoID]) VALUES (887, N'Holly', N'Orchard', 4, 4, NULL, NULL)
INSERT [dbo].[Students] ([StudentID], [LastName], [FirstName], [HouseID], [Year], [ElectiveOneID], [ElectiveTwoID]) VALUES (888, N'Cross', N'Thyme', 3, 5, NULL, NULL)
INSERT [dbo].[Students] ([StudentID], [LastName], [FirstName], [HouseID], [Year], [ElectiveOneID], [ElectiveTwoID]) VALUES (889, N'Conebush', N'Sol', 3, 1, NULL, NULL)
INSERT [dbo].[Students] ([StudentID], [LastName], [FirstName], [HouseID], [Year], [ElectiveOneID], [ElectiveTwoID]) VALUES (890, N'Fiddlesticks', N'Azure', 1, 7, NULL, NULL)
INSERT [dbo].[Students] ([StudentID], [LastName], [FirstName], [HouseID], [Year], [ElectiveOneID], [ElectiveTwoID]) VALUES (891, N'Buttons', N'Gene', 1, 5, NULL, NULL)
INSERT [dbo].[Students] ([StudentID], [LastName], [FirstName], [HouseID], [Year], [ElectiveOneID], [ElectiveTwoID]) VALUES (892, N'Buckling', N'Jesse', 3, 7, NULL, NULL)
INSERT [dbo].[Students] ([StudentID], [LastName], [FirstName], [HouseID], [Year], [ElectiveOneID], [ElectiveTwoID]) VALUES (893, N'Bottlebrush', N'Raylee', 2, 2, NULL, NULL)
INSERT [dbo].[Students] ([StudentID], [LastName], [FirstName], [HouseID], [Year], [ElectiveOneID], [ElectiveTwoID]) VALUES (894, N'Hornbeam', N'Sam', 4, 2, NULL, NULL)
INSERT [dbo].[Students] ([StudentID], [LastName], [FirstName], [HouseID], [Year], [ElectiveOneID], [ElectiveTwoID]) VALUES (895, N'Feather', N'Gene', 2, 7, NULL, NULL)
INSERT [dbo].[Students] ([StudentID], [LastName], [FirstName], [HouseID], [Year], [ElectiveOneID], [ElectiveTwoID]) VALUES (896, N'Sands', N'Clay', 2, 1, NULL, NULL)
INSERT [dbo].[Students] ([StudentID], [LastName], [FirstName], [HouseID], [Year], [ElectiveOneID], [ElectiveTwoID]) VALUES (897, N'Blackjack', N'Ice', 3, 1, NULL, NULL)
INSERT [dbo].[Students] ([StudentID], [LastName], [FirstName], [HouseID], [Year], [ElectiveOneID], [ElectiveTwoID]) VALUES (898, N'Loriss', N'Sorrel', 1, 1, NULL, NULL)
INSERT [dbo].[Students] ([StudentID], [LastName], [FirstName], [HouseID], [Year], [ElectiveOneID], [ElectiveTwoID]) VALUES (899, N'Fenrin', N'Almond', 1, 4, NULL, NULL)
GO
INSERT [dbo].[Students] ([StudentID], [LastName], [FirstName], [HouseID], [Year], [ElectiveOneID], [ElectiveTwoID]) VALUES (900, N'Candlenut', N'Crescent', 2, 3, NULL, NULL)
INSERT [dbo].[Students] ([StudentID], [LastName], [FirstName], [HouseID], [Year], [ElectiveOneID], [ElectiveTwoID]) VALUES (901, N'Rose', N'Bev', 4, 3, NULL, NULL)
INSERT [dbo].[Students] ([StudentID], [LastName], [FirstName], [HouseID], [Year], [ElectiveOneID], [ElectiveTwoID]) VALUES (902, N'Everglade', N'Jackie', 3, 6, NULL, NULL)
INSERT [dbo].[Students] ([StudentID], [LastName], [FirstName], [HouseID], [Year], [ElectiveOneID], [ElectiveTwoID]) VALUES (903, N'Plums', N'Cameron', 3, 2, NULL, NULL)
INSERT [dbo].[Students] ([StudentID], [LastName], [FirstName], [HouseID], [Year], [ElectiveOneID], [ElectiveTwoID]) VALUES (904, N'Bunyip', N'Gabby', 2, 6, NULL, NULL)
INSERT [dbo].[Students] ([StudentID], [LastName], [FirstName], [HouseID], [Year], [ElectiveOneID], [ElectiveTwoID]) VALUES (905, N'Bricks', N'Brett', 3, 3, NULL, NULL)
INSERT [dbo].[Students] ([StudentID], [LastName], [FirstName], [HouseID], [Year], [ElectiveOneID], [ElectiveTwoID]) VALUES (906, N'Kelpis', N'Juniper', 4, 7, NULL, NULL)
INSERT [dbo].[Students] ([StudentID], [LastName], [FirstName], [HouseID], [Year], [ElectiveOneID], [ElectiveTwoID]) VALUES (907, N'Littletree', N'Fern', 3, 3, NULL, NULL)
INSERT [dbo].[Students] ([StudentID], [LastName], [FirstName], [HouseID], [Year], [ElectiveOneID], [ElectiveTwoID]) VALUES (908, N'Oliver', N'Dewy', 2, 7, NULL, NULL)
INSERT [dbo].[Students] ([StudentID], [LastName], [FirstName], [HouseID], [Year], [ElectiveOneID], [ElectiveTwoID]) VALUES (909, N'Cribbe', N'Gideon', 1, 1, NULL, NULL)
INSERT [dbo].[Students] ([StudentID], [LastName], [FirstName], [HouseID], [Year], [ElectiveOneID], [ElectiveTwoID]) VALUES (910, N'Cornus', N'Ginger', 2, 2, NULL, NULL)
SET IDENTITY_INSERT [dbo].[Students] OFF

GO


GO


GO

GO
